ID,Title,Trailer ID,SentimentScore
0,Daybreakers,U6NmZS9CTKE,0.6428571428571429
1,Leap Year,HrlQBsd8LsE,0.83
2,Youth in Revolt,1gBnVf130uU,0.78
3,Wonderful World,n2_4asPVgOQ,0.5
4,The Book of Eli,zSMHmtaoXtI,0.88
5,The Spy Next Door,fa2RZf0m39g,0.58
6,Fish Tank,_u6pg8fuSB4,0.6
7,Extraordinary Measures,cmnMdwYAhTY,0.6458333333333334
8,Legion,P6p01-in6-k,0.74
9,Tooth Fairy,JqnjK79fGSw,0.7
11,To Save a Life,1o56pazEh-Q,0.73
12,Edge of Darkness,hVOH8xrCI9I,0.5
13,When in Rome,5oImkzL6o_o,1.0
14,Preacher's Kid,yNbXH34dIOw,0.5
15,Saint John of Las Vegas,aPTm_TyCULk,0.6153846153846154
16,Ajami,Q6M-ng9XLyU,0.3888888888888889
17,Dear John,r0fq5dd0C60,0.63
18,From Paris with Love,nrcej3bN8QA,0.3846153846153846
19,District 13: Ultimatum,jDDFNpj9xBQ,0.5694444444444444
20,Shinjuku Incident,tY0jZIeuFAc,0.5652173913043478
21,Percy Jackson & the Olympians: The Lightning Thief,R86InkfdboA,0.44
22,Valentine's Day,1K45RdE2qlk,0.76
23,The Wolfman,5JB1NY2xut8,0.79
24,Lourdes,4Dw0blEi9YA,0.0
25,The Ghost Writer,B3NrIz5lwVo,0.7272727272727273
26,Shutter Island,v8yrZSkKxTA,0.73
27,The Good Guy,3rE3mPAtnWA,0.4787234042553192
28,Cop Out,22RvcEgrpnE,0.40625
29,The Crazies,J7w9uWFIMBs,0.7
30,Formosa Betrayed,2KbAGhECVZE,0.4
31,A Prophet,l69ARbQt-Ko,0.67
32,Alice in Wonderland,9POCgSRVvf0,0.82
33,Brooklyn's Finest,HUMC8rh6uuE,0.8
34,Green Zone,e3KJ21TLKVE,0.7
35,Remember Me,oRUo4cWejYM,0.5
36,She's Out of My League,3F0XwZex1jQ,0.59
37,Monsters,Ol6j9xlQN1w,0.5
38,The Bounty Hunter,KSTJsjEaUaw,0.6363636363636364
39,Diary of a Wimpy Kid,VKhCPUa-glo,0.53
40,Repo Men,P0LkMrPMMhw,0.46
41,City Island,wuQam8fRJrI,0.875
42,Greenberg,cwdliqOGTLw,0.4929577464788732
43,The Runaways,atUDd3ST3ko,0.5294117647058824
44,Hot Tub Time Machine,EM0VwEkxWTg,0.61
46,Chloe,QZ8x8mORPmg,0.48
47,The Last Song,l6Q07mI1EUc,0.5490196078431373
48,Clash of the Titans,z7cEL6n24d4,0.5858585858585859
49,Why Did I Get Married Too?,H0IgfAs3tWg,0.4
50,The Greatest,TfjNuq9Yq3s,0.5774647887323944
51,Date Night,aspBKFz2dBI,0.8
54,Death at a Funeral,LkbR3nQqcrk,0.65
55,Kick-Ass,2rpXHqnGDXo,0.59
57,The Joneses,102fYNaBogE,0.4444444444444444
58,Oceans,uXLbQrK6cXw,0.88
59,The Back-up Plan,cut4IW0oz1w,0.59
60,The Losers,PXAy4p9RVq0,0.3333333333333333
61,Boogie Woogie,2SzNnR6OElw,0.6
62,Furry Vengeance,FQAx4_So3UE,0.53
63,A Nightmare on Elm Street,ZuYoEtEI_go,0.52
64,Freakonomics,03FwPdQ4Gew,0.5
65,Harry Brown,-ubzuRLiIpE,0.5
66,Please Give,KNbPnqyvItk,0.77
67,Iron Man 2,BoohRoVA9WQ,0.52
68,Mother and Child,PyWFxUkPpag,0.75
69,Just Wright,ZHYSeSAXQf4,0.81
70,Letters to Juliet,8j0qMY-LeKM,0.82
72,Here and There,N-ewaCVARtM,0.77
73,Princess Kaiulani,YyIUR7TXldg,0.54
74,MacGruber,PKYrghKwu2E,0.5161290322580645
76,John Rabe,eTR97Yvspx4,0.4666666666666667
77,Kites,rezNHSKgDH0,0.77
78,Solitary Man,lm95_LnjUJQ,0.4736842105263157
79,Sex and the City 2,pY7sAJm8Fuk,0.4421052631578947
80,Prince of Persia: The Sands of Time,bZ7Li5w2I-k,0.86
82,Micmacs,TjKW0tG7I8s,0.723404255319149
84,Get Him to the Greek,scixoG_Tzdo,0.4057971014492754
85,Killers,jE-i7GnoCCA,0.63
86,Marmaduke,AXXzwy7lDtI&t=7s,0.61
87,Splice,8pIeSYhipUs,0.43
88,Ondine,rs8DiJaLhlY,0.6
89,The A-Team,II3O4FUoSho,0.5573770491803278
90,The Karate Kid,XY8amUImEu0,0.63
91,Coco Chanel & Igor Stravinsky,O8yVI81zGXI,0.0
92,Winter's Bone,bE_X2pDRXyY,0.8
93,Jonah Hex,GVukfleQl_c,0.5
95,8: The Mormon Proposition,ezwIZo-hKiI,0.4
96,Cyrus,0G0bYpMQ-fI,0.58
97,I Am Love,0NjA8CIDvZ8,0.5942028985507246
98,The Killer Inside Me,1I4rDHxzeCg,0.4772727272727273
99,Knight and Day,JGPl86DBNNs,0.8
100,Grown Ups,e01NVCveGkg,0.71
101,Wild Grass,rm_f1DOhidI,0.0
102,The Twilight Saga: Eclipse,kX2DKZcDM-o,0.52
103,Love Ranch,ueoXN7TK47k,0.6666666666666666
104,The Last Airbender,-egQ79OrYCs,0.35
106,Predators,uzqYqoVoU74,0.71
107,The Kids Are All Right,RixlpHKfb6M,0.62
108,Rec 2,GGKNxtZLXIE,0.39
109,Valhalla Rising,Es-CEAWXcfw,0.3333333333333333
110,The Sorcerer's Apprentice,v2uV0_1C4UM,0.72
111,Inception,YoHD9XEInc0,0.73
113,Ramona and Beezus,VP5FW5KA6Go,0.69
114,Salt,QZ40WlshNwU,0.7
115,Farewell,R8MHdj86Ye8,0.5
116,Life During Wartime,b5Gu30hb6mc,0.5
117,Cats & Dogs: The Revenge of Kitty Galore,jK6suPB_vTk,0.65
118,Charlie St. Cloud,KyplZ7b7UfY,0.63
119,Dinner for Schmucks,CVY_IRA8NTw,0.5625
120,The Extra Man,etxKmplTT9Q,0.8181818181818182
121,Get Low,C25TG5kLJGw,0.6666666666666666
122,Flipped,q40GxY5n2Dg,0.68
123,The Other Guys,D6WOoUG1eNo,0.72
124,Step Up 3D,67dBhEZusPI,0.53
126,Twelve,NcDW-eZOz1k,0.5194805194805194
127,Eat Pray Love,mjay5vgIwt4,0.71
128,The Expendables,8KtYRALe-xo,0.65
129,Scott Pilgrim vs. the World,7wd5KEaOtm4,0.66
130,Animal Kingdom,YNszOl14AWg,0.68
131,Vampires Suck,Gw1oGbdXzoU,0.69
132,Lottery Ticket,N2u5JvA5sCs,0.53
133,Nanny McPhee and the Big Bang,54xMw6eouOM,0.75
134,Piranha,p7ezzRGIpH4,0.4821428571428571
135,The Switch,sTDzGVO-C38,0.490566037735849
136,The Army of Crime,8qJy8AZNFbs,0.6
137,The Last Exorcism,F3cI0pArMA0,0.4086021505376344
138,Takers,Z1JXKCProqA,0.6
139,Avatar,5PSNL1qE6VY,0.7
140,Centurion,KOZs2_i_cDE,0.56
141,The American,hPYRslx1w4Y,0.5542168674698795
142,Going the Distance,hU4YbHeoYGs,0.5151515151515151
143,Machete,GuDF9CEtFwE,0.2916666666666667
144,Resident Evil: Afterlife,SRRN6MvCdeg,0.55
145,Never Let Me Go,sXiRZhDEo8A,0.61
146,Alpha and Omega,F6hpN2t7_lc,0.63
147,Devil,wYy7igKD21A,0.7
148,Easy A,KNbPnqyvItk,0.77
149,The Town,WcXt9aUMbBk,0.7
150,Catfish,BuE98oeL-e0,0.65
151,Leaves of Grass,RR4syp8Nhs8,0.875
152,You Will Meet a Tall Dark Stranger,BMOpyl14mII,0.46875
154,Wall Street: Money Never Sleeps,HcMFA2SHES4,0.53
156,Case 39,Cd9t9yHK7Mw,0.7
157,Let Me In,x3guLR8aBpU,0.7
158,The Social Network,lB95KLmpLR4,0.77
159,It's Kind of a Funny Story,uXU3BDvq-sQ,0.64
160,Life as We Know It,AEa9kbnyzEE,0.79
161,My Soul to Take,LjOibAVPQKk,0.57
162,Secretariat,UKmuvjL2cVw,0.92
163,I Spit on Your Grave,k-66qwVmJy0,0.5454545454545454
164,Inside Job,FzrBurlJUNk,0.59
165,Stone,evhh3NE3fyw,0.4756097560975609
166,Wild Target,PmS3ePcA6VU,0.8
167,Jackass 3D,WxOGwCH9nTM,0.46
168,Red,-JZ_moituIo,0.6
169,Conviction,NrPtr0aQx3s,0.88
170,Hereafter,toJPUHh3EKI,0.5483870967741935
171,Paranormal Activity 2,ftD6rIAR-Hw,0.4
172,Saw 3D,WXgdG7zl31k,0.52
173,The Girl Who Kicked the Hornets' Nest,daAePcTW9zw,0.51
174,Crayon,AXl-3Vjq47g,0.5882352941176471
175,Due Date,1p3NnJ_oiE0,0.54
177,For Colored Girls,LNdIMakUhVQ,0.65
180,127 Hours,OlhLOWTnVoQ,0.6
181,Guy and Madeline on a Park Bench,3xT8QGWHxRk,0.5
182,Five Minarets in New York,fQTUcCIU_yw,0.45
183,Morning Glory,8l6-XZZIvGo,0.7333333333333333
184,Skyline,mnoW5-DmIUM,0.59
185,Unstoppable,fyuoIqeL-bc,0.72
186,Harry Potter and the Deathly Hallows – Part 1,MxqsmsA8y5k,0.56
187,The Next Three Days,p4z8XM6oTm8,0.7333333333333333
188,Burlesque,_KqN85L-Vzk,0.7
189,Faster,XDBeFAlgjio,0.66
190,Love & Other Drugs,h6w7Dh-QxzY,0.83
192,The Nutcracker in 3D,dgv6W7xkomk,0.0
193,The King's Speech,EcxBrTvLbBM,0.76
194,Black Swan,5jaI1XOB-bs,0.75
195,I Love You Phillip Morris,wzWB9KHgaiE,0.5
196,The Warrior's Way,Kq64CHaV8yA,0.5157894736842106
197,The Chronicles of Narnia: The Voyage of the Dawn Treader,AON1-Ox-Llc,0.3571428571428571
198,The Tourist,5R0vcopCNG0,0.5254237288135594
199,The Tempest,opjhs1mgd1s,0.6538461538461539
200,The Fighter,LRIZ4mCi5Ps,0.63
201,How Do You Know,8u_gSd9eIO8,0.6
202,Tron: Legacy,L9szn1QQfas,0.78
203,Yogi Bear,9iyYTz0Bh0Y,0.4788732394366197
204,Casino Jack,Lg12GW49TOQ,0.8
205,Rabbit Hole,8V5904uauqg,0.52
206,Little Fockers,CIUpb2aQ5rM,0.4150943396226415
207,True Grit,Q5fEgKj9QNs,0.6923076923076923
208,Somewhere,iEga7Hz9a3U,0.65
209,Country Strong,UhHRlpLuU7A,0.5846153846153846
210,Gulliver's Travels,J-wXbyEQ5TM,0.59
211,The Illusionist,BMqpU7lUlLg,0.72
212,Another Year,HrlQBsd8LsE,0.83
213,Biutiful,3WzJcwGA6YM,0.6206896551724138
214,Blue Valentine,aILx69WrRhQ,0.68
215,Barney's Version,Eo-0k5rkUeo,1.0
216,The Green Hornet,PMA-taGtfXs,0.72
217,No Strings Attached,uyeRTTTDVQI,0.6060606060606061
218,The Mechanic,39L8egLr518,0.42
219,The Rite,nPtuzw1PXgU,0.59
220,The Roommate,7NX30f8b1Oo,0.56
221,Sanctum,OgW7L2uq2VM,0.62
222,Waiting for Forever,4YM3qJWiq-E,0.5
223,The Eagle,3TLYO2I5kgw,0.6
224,Gnomeo & Juliet,qIlr2aR-Vhk,0.5
225,Just Go with It,fpj7i2CPt8M,0.69
226,Justin Bieber: Never Say Never,EdE5EgL4_3Q,0.49
227,Mooz-lum,V4axp5V_j6E,0.67
228,"Big Mommas: Like Father, Like Son",0bnDBexQ-Yw,0.5
229,I Am Number Four,XR2QSlHpKg4,0.5306122448979592
230,Unknown,vSXUgkCjdBM,0.71
231,Drive Angry,CNEGBSUVWqY,0.5714285714285714
232,Hall Pass,1JMCvX6qXuo,0.5942028985507246
233,The Adjustment Bureau,fSeWHl1PaKs,0.75
234,Beastly,vum62JOVuwY,0.65
235,Rango,k-OOfW6wWyQ,0.7
236,Take Me Home Tonight,5gYL9znVmGs,0.87
237,Battle: Los Angeles,Yt7ofokzn04,0.63
238,Mars Needs Moms,yBFUAW6jC_M,0.39
239,Red Riding Hood,oMoY1Ra_wyg,0.45
240,Limitless,4TLppsfzQH8,0.71
241,The Lincoln Lawyer,IFwE3UgCMIk,0.82
242,Paul,BJxlNYb8sJQ,0.67
243,Win Win,ci_I6n2j5Uw,0.68
245,Sucker Punch,XAnnWoXD2tI,0.72
246,Insidious,zuZnRUcoWos,0.65
248,Source Code,1HCsSOuDS7Y,0.6285714285714286
249,Super,tLj_Bzw8n90,0.58
250,Trust,RlXj9VGHDaM,0.54
251,Arthur,XoJN7k1BMYg,0.58
252,Hanna,u73CLdHpbNk,0.7
253,Henry's Crime,H0ICsuu_v3U,0.6666666666666666
254,Soul Surfer,_KlpD6dr7Qw,0.9
255,Your Highness,1nB2pWEW9yw,0.59
256,Atlas Shrugged: Part I,1UaZx_DIKgI,0.4
257,The Conspirator,CmoESMxbIIY,0.4615384615384615
258,Rio,P1GRO31ve5Q,0.67
259,Scream 4,JKRtyVLWV-E,0.57
260,African Cats,cyw5KiT0tM0,0.83
261,Madea's Big Happy Family,bExi5_p28Mo,0.5540540540540541
262,POM Wonderful Presents: The Greatest Movie Ever Sold,92fOw-bQ12Y,0.6666666666666666
263,Water for Elephants,OOPHFQZ5aiM,0.74
264,Dylan Dog: Dead of Night,lAvh0p0tzjc,0.5714285714285714
265,Fast Five,vcn2GOuZCKI,0.69
267,Prom,4YziwpXjY2o,0.76
269,Hobo with a Shotgun,XJF-gQVlXs4,0.5
270,Jumping the Broom,QsfB725SZuU,0.425531914893617
271,Something Borrowed,U2p1u13R-eE,0.49
272,Thor,JOddp-nlNvQ,0.57
273,Bridesmaids,FNppLrmdyug,0.77
274,Midnight in Paris,FAfR8omt-CY,0.89
275,Pirates of the Caribbean: On Stranger Tides,0BXCVe8Yww4,0.3953488372093023
277,The Hangover Part II,ohF5ZO_zOYU,0.74
278,The Tree of Life,RrAz1YLh8nY,0.87
279,Beginners,e1zZYMKGw2M,0.7804878048780488
280,Submarine,Z2xDk4LwBl0,0.72
281,X-Men: First Class,UrbHykKUfTM,0.78
282,The Lion of Judah,BvaFY3ESQjk,0.4166666666666667
284,Road to Nowhere,f5hyFPC96Pw,0.0
285,Super 8,t-0XuYxh67w,0.69
286,The Art of Getting By,OeXaehdeNPo,0.59
287,Green Lantern,7-GO9fo9DtM,0.67
289,A Better Life,A2agEMk6t_c,0.7777777777777778
290,Bad Teacher,GahC5cVsU6A,0.67
292,Transformers: Dark of the Moon,E-Sg_zJrDxc,0.8
293,Monte Carlo,X0n3Q_VDQk8,0.6419753086419753
294,The Perfect Host,MVe62FZMYAE,0.7037037037037037
296,Horrible Bosses,VpUeQV8sdOc,0.69
297,Zookeeper,krvwtRbK5nM,0.47
298,Harry Potter and the Deathly Hallows – Part 2,mObK5XD8udk,0.56
300,Another Earth,N8hEwMMDtFY,0.85
301,Captain America: The First Avenger,JerVrbLldXw,0.62
302,Friends with Benefits,4rdZAsM4o-s,1.0
303,Cowboys & Aliens,5HsSonHZFnI,0.65
304,"Crazy, Stupid, Love.",8iCwtxJejik,0.72
305,The Devil's Double,2-MsGEWFiYg,0.73
306,The Guard,ygVa2W2Qrac,0.6842105263157895
308,The Change-Up,43Qc70ZeMFw,0.59
309,Rise of the Planet of the Apes,T3tidwW1gGM,0.76
310,The Help,aT9eWGjLv6s,0.72
311,30 Minutes or Less,nfOt-Go3ECA,0.43
312,Final Destination 5,PI87-0g_SI8,0.48
313,Glee: The 3D Concert Movie,SOspGTrGOUg,0.5555555555555556
314,Conan the Barbarian,P3L7tRQzDEQ,0.66
315,Flypaper,fKCzQ2BGOpo,0.69
316,Fright Night,txgGhyjPZGg,0.73
317,One Day,zVuuooZqVaU,0.61
318,Spy Kids: All the Time in the World,7iMQ3xjFt40,0.2105263157894736
319,Colombiana,HCxPLlFWdFo,0.85
320,Higher Ground,Z9rsnIZ64Xk,1.0
321,Apollo 18,4RGhKzUUaME,0.54
323,Shark Night,nBEn0In7Ufg,0.39
324,Bucky Larson: Born to Be a Star,cRT93a8xE5s,0.48
325,Contagion,4sYSyuuLk5g,0.48
326,Warrior,I5kzcwcQA1Q,0.8
327,Drive,KBiOF3y1W0Y,0.75
328,I Don't Know How She Does It,MJPKOS9DZeg,0.4343434343434343
329,Restless,pzUKbPAynxU,0.76
330,Straw Dogs,jc2WepwFcWE,0.54
331,Abduction,CEVkp5Je7m0,0.67
332,Dolphin Tale,AJ_1eS2Erhk,0.8
333,Killer Elite,8F1wrDsUqYc,0.74
334,Moneyball,-4QPVo0UIzc,0.74
335,50/50,GWPfFDAFvNk,0.6585365853658537
336,Courageous,70MVn1q-yyM,0.79
337,Dream House,XFxIYqcmRxc,0.71
338,Margaret,7YAiS-3EhMI,0.52
339,Take Shelter,hUraDx3oFVg,0.73
340,What's Your Number?,bgkxGrsX-A4,0.65
341,The Ides of March,y494hUO-aw8,0.4705882352941176
342,Real Steel,SwfmV3nn6QA,0.61
343,The Big Year,HJARwSNpUP4,0.75
344,Footloose,fVyU-Hvzpt4,0.4320987654320987
345,The Skin I Live In,PavJUoZNT7g,0.5416666666666666
346,The Thing,Txjm94GnrPA,0.6
347,Johnny English Reborn,wCsSzZU-sQ4,0.484375
348,Margin Call,IjZ-ke1kJrA,0.68
349,Paranormal Activity 3,e70TX_photI,0.3043478260869565
350,The Three Musketeers,TYic5JxgTMc,0.56
351,Martha Marcy May Marlene,ERREgOobLOs,0.64
352,Anonymous,uBmnkk0QW3Q,0.68
353,In Time,YRSBiTF3wNw,0.62
354,Like Crazy,qvf52Z5w_kI,0.6
355,October Baby,eljFzuBefoI,0.6
357,The Rum Diary,R8KblG1S0_A,0.34
358,Tower Heist,Z4KXF7NWFRE,0.82
359,A Very Harold & Kumar Christmas,dZpFjWOCHAM,0.51
360,Immortals,pE3yR8bZ1pY,0.62
361,J. Edgar,XULIO67YIRA,0.79
362,Jack and Jill,oJVv3PBoPMc,0.48
363,Melancholia,6IZGwvxhXvw,0.4307692307692308
364,The Descendants,XDwUH02DDWU,0.5824175824175825
366,The Twilight Saga: Breaking Dawn – Part 1,uKcFqL9-bHo,0.56
367,A Dangerous Method,ZhunuJRo8jA,0.4375
369,Hugo,Hv3obL9HqyY,0.8
371,My Week with Marilyn,u9wk0Aeddb0,0.559322033898305
372,The Artist,YB9Oq0hn5KY,0.71
373,Shame,Op9iQiB_ANI,0.73
374,Tinker Tailor Soldier Spy,VW-F1H-Nonk,0.82
375,Catch .44,GE2CV47Hc7c,0.44
376,New Year's Eve,h_dt27_0vL4,0.73
377,The Sitter,kTmF4UnkkbA,0.57
378,We Need to Talk About Kevin,SfQaRK3BCYU,0.51
379,Young Adult,rt2-M5hTkcs,0.4705882352941176
381,Carnage,Zvg_wK6smK4,0.6
382,Mission: Impossible – Ghost Protocol,7wkih9Yvxq0,0.4864864864864865
383,Sherlock Holmes: A Game of Shadows,AsKYSOzCTvY,1.0
384,The Adventures of Tintin,LTnCE_SaU38,0.65
385,The Girl with the Dragon Tattoo,DqQe3OrsMKI,0.86
386,In the Land of Blood and Honey,sq3shTC1zac,0.34
387,We Bought a Zoo,Fopeq7wx4sw,0.6349206349206349
388,The Darkest Hour,Nbns9vRejHg,0.3953488372093023
389,Extremely Loud & Incredibly Close,51z9UzDSacg,0.51
390,War Horse,JPNyNr2Kp4w,0.73
391,Pariah,rbBiTlGhrPY,0.5882352941176471
392,The Iron Lady,jX398kx-OCM,0.66
393,A Separation,58Onuy5USTc,0.85
394,The Devil Inside,MVpcszlYT7s,0.53
395,Beneath The Darkness,kKfoSIERxCU,0.5
396,Contraband,Rp0b5ZXIUvE,0.4111111111111111
397,Joyful Noise,e1Cj-_o2FGQ,0.6808510638297872
398,Haywire,OpffbDjWlog,0.65
399,Red Tails,BpA6TC0T_Lw,0.71
400,Underworld: Awakening,tUcrbUCWKQc,0.68
401,Coriolanus,bsYrGIQnmxo,0.81
402,The Flowers of War,cj2uhyfVNmQ,0.63
403,W.E.,ql8AtTM7blg,0.3783783783783784
404,The Grey,39eq9Nl_3io,1.0
406,One for the Money,rn1PpRgUaeU,0.64
408,Big Miracle,Qv-mWQUoXOg,0.71
409,Chronicle,UD0DshFbmxA,0.68
410,The Woman in Black,VnY0fEV30Wk,0.56
412,Safe House,O-E4rQMl9jE,0.7058823529411765
413,The Vow,PcL24s-S6ns,0.75
414,Ghost Rider: Spirit of Vengeance,UUObgxCoUgA,0.64
415,This Means War,oleuD8479uM,0.83
416,Act of Valor,ZnlPgo9TaGo,0.78
417,Good Deeds,HaO8f_eA4aM,0.78
418,Wanderlust,Oz7xMY1AbbI,0.74
420,Project X,HmrhuboNMtg,0.6
421,Tim and Eric's Billion Dollar Movie,zEeQi2PuV8M,0.4
422,John Carter,6Rf55GTEZ_E,0.86
423,Silent House,VD88EFBFuos,0.63
424,A Thousand Words,N6AxRCP3e4s,0.67
426,Salmon Fishing in the Yemen,LqzwMX3ftLI,0.5625
427,21 Jump Street,Oj55KinxZx4,0.56
428,"Jeff, Who Lives at Home",yA1w_eX0XsY,0.4814814814814814
429,The Hunger Games,mfmrPu43DF8,0.65
430,The Raid,m6Q7KnXpNOg,0.79
431,Mirror Mirror,ILDeA7AqA84,0.79
433,Goon,cr_7jC_v9xA,0.36
434,American Reunion,1akixU65dDY,0.65
435,Damsels in Distress,-UGIkWvfBEQ,0.6153846153846154
436,The Cabin in the Woods,NsIilFNNmkY,0.74
437,Lockout,BQ4hZqrIM9w,0.58
438,The Three Stooges,Z4IoUo_ZJkY,0.66
440,The Lucky One,9w8lE83oYeM,0.76
441,Think Like a Man,vxTN4eX4Vss,0.7
442,Darling Companion,TGzd3x_1m28,1.0
443,The 5-Year Engagement,IoRF_Bzuwtk,0.55
444,The Pirates! In an Adventure with Scientists!,RZN0aF02WvY,0.5
445,The Raven,XMG9HawX1do,0.5
446,Safe,gU-wjVD_58c,0.75
447,Sound of My Voice,U8xElfWyexo,0.6111111111111112
448,The Avengers,eOrNdBpGMv8,0.59
449,The Best Exotic Marigold Hotel,roDQowqG3cE,0.7021276595744681
450,Dark Shadows,N6tVdffCr_M,0.8
451,The Dictator,cYplvwBvGA4,0.66
452,Battleship,8NNQqHsIc-4,0.6
453,What to Expect When You're Expecting,_8Um0DEEjkM,0.5
454,Beyond the Black Rainbow,nWF0bBKhe6o,0.77
455,Crooked Arrows,3ArAWYKDONY,0.41
457,Polisse,rJ60lcoouvA,0.4166666666666667
458,Chernobyl Diaries,Uy1ay369Jiw,0.42
459,Men in Black 3,IyaFEBI_L24,0.67
460,Moonrise Kingdom,_eOI3AamSm8,0.82
461,Snow White and the Huntsman,F9cBVm9gtKU,0.8
462,Piranha 3DD,XvZ-DN6Sbxg,0.625
464,Prometheus,5UEv03g51kU,0.74
465,Safety Not Guaranteed,73jSnAs7mq8,0.88
467,That's My Boy,HZJKgniCvUI,0.5
468,Your Sister's Sister,1Na2I2b6edA,0.6666666666666666
469,Abraham Lincoln: Vampire Hunter,MmexgVvm4o8,0.67
471,Seeking a Friend for the End of the World,EmXWcXKXWBk,0.71
472,To Rome with Love,ft__aQSrHqE,0.73
473,Beasts of the Southern Wild,pvqZzSMIZa0,0.75
474,Madea's Witness Protection,PSBsZ0z6sWk,0.5
475,Magic Mike,gh78SbA1wEc,0.625
476,People Like Us,0OVGAOJ7N-c,0.69
477,Ted,9fbo_pQvU7M,0.58
478,A Burning Hot Summer,EcHetG5B7VY,0.5
479,Last Ride,F28_BYLOTKU,0.0
480,The Amazing Spider-Man,-tnxzJ0SSOw,0.72
481,Katy Perry: Part of Me,K16NvLCk2CY,0.86
482,Savages,jDZSt_MhU4Q,0.3548387096774194
484,"Farewell, My Queen",tOQfyExCVQk,0.63
485,The Dark Knight Rises,GokKUqLcvD8,0.71
486,Step Up Revolution,aEAt9eTi72w,0.79
487,The Watch,PhN1xnCyqR8,0.5641025641025641
488,Killer Joe,JYcUUXq6Kd8,0.52
490,Total Recall,GljhR5rk5eY,0.63
491,Celeste and Jesse Forever,aJYjR00zCMc,0.6153846153846154
492,Hope Springs,-s22_Mvikl8,0.87
493,The Bourne Legacy,jSzy9qQ3mDE,0.8
494,The Campaign,Bmp6UDzIUes,0.5211267605633803
495,The Odd Life of Timothy Green,mMSkbH0LuTc,0.6333333333333333
496,The Expendables 2,ip_CYHdyUBs,0.71
498,Sparkle,55cuiV9yL6Q,0.85
499,Cosmopolis,PvYyKTZtUG0,0.69
500,Robot & Frank,Hi9s-__B0TY,0.39
501,Hit and Run,6nZlXB5okeo,0.71
502,The Apparition,WYELiw9nvnE,0.3026315789473684
503,Premium Rush,Pn6ie1zCkZU,0.71
504,Lawless,HibcC7w5l1g,0.5357142857142857
506,The Possession,Sxo3Wib31uE,0.69
508,The Cold Light Of Day,qxJpe8d2dBQ,0.4558823529411764
509,The Words,pMKB1LqwSHI,0.68
510,Anna Karenina,Z-nyXX5zOLg,0.75
511,Raaz 3,iMNBj_DrBQU,0.67
512,Resident Evil: Retribution,hoyMT-7wEqs,0.64
513,Arbitrage,BTWRP85RdBY,1.0
514,The Master,-EGSWpBDbho,0.85
515,Stolen,rpMxOjUjweA,0.55
516,Dredd,G-eI5oLlIeY,0.63
517,End of Watch,9mQYxib26FM,0.67
518,House at the End of the Street,9SNvuq7bULo,0.6
519,Trouble with the Curve,fTHSqutzOcQ,0.84
520,The Perks of Being a Wallflower,2vb2qrcPEEs,0.5483870967741935
522,Looper,2iQuhsmtfHw,0.74
523,Won't Back Down,busgdBQE9M0,0.4
524,Frankenweenie,XBfcGLBJ2Uc,0.61
525,Pitch Perfect,8dItOM6eYXY,0.8
526,Taken 2,u48UrWtCn5E,0.49
527,The Oranges,Rk83dEZi29E,0.4897959183673469
528,The Paperboy,m2GMwWaDSr0,0.73
529,Argo,JW3WfSFgrVY,0.81
530,Here Comes the Boom,M4L6ruTF5qE,0.86
531,Seven Psychopaths,jsHR77oQKEY,0.81
532,Sinister,_kbQAJR9YWQ,0.58
533,Smashed,n1J1IKeqAoI,0.4545454545454545
534,Holy Motors,NWu9WjEcdbk,0.78
535,Alex Cross,tV_et8mrADI,0.49
536,Paranormal Activity 4,89PboIQlu1c,0.46
537,The Sessions,6T7vqxwuWEM,0.8
538,Chasing Mavericks,vkwCQH6IVhM,0.78
539,Cloud Atlas,ByehYal_cCs,0.81
540,Fun Size,8eFSDTBqvIU,0.5604395604395604
541,Silent Hill: Revelation,9b4iOhWswYM,0.46
542,Flight,Aqn2L6kQQt8,0.81
543,The Man with the Iron Fists,3swVdu41Ixg,0.4745762711864407
545,The Bay,ctkkn1qSYKw,0.63
546,This Must Be the Place,kplFGDHuYy4,0.4189189189189189
548,The Twilight Saga: Breaking Dawn – Part 2,Ocz50YJOFTM,0.76
549,Lincoln,KJVuqYkI2jQ,0.75
550,Silver Linings Playbook,kVS-6k2tQAA,0.81
551,Life of Pi,3mMN693-F3U,0.77
552,Red Dawn,36j7tagMjlY,0.5609756097560976
554,Hitchcock,_Uw6fweoB8E,0.7241379310344828
555,The Collection,n08aIH-Bhcc,0.68
556,Killing Them Softly,Bll2p2WhrIA,0.5263157894736842
557,Playing for Keeps,ez9U9bw4XwM,0.69
558,Deadfall,Q4IASREmPMY,0.5176470588235295
559,Lay the Favorite,Jr30OocHzVw,0.3636363636363636
560,The Hobbit: An Unexpected Journey,SDnYMbYB-nU,0.87
561,The Guilt Trip,UAwiiGUCeLE,0.6363636363636364
563,Cirque du Soleil: Worlds Away,3QrN3lMHxVg,0.9230769230769232
564,Jack Reacher,Q-oxhxD32MM,0.86
565,This Is 40,gxkNuHrS6cg,0.69
566,The Impossible,Bgw394ZKsis,0.64
567,Not Fade Away,tTrN_jyH9Gg,0.4814814814814814
568,Django Unchained,_iH0UBYDI4g,0.78
569,Les Misérables,YmvHzCLP6ug,0.82
570,Parental Guidance,sP-uO3B8ip0,0.6105263157894737
571,Quartet,wSEnh8Hi62E,0.79
572,Promised Land,vzEcZJSdW-4,0.5441176470588235
573,Texas Chainsaw 3D,gB0aHrd7rUo,0.53
574,Gangster Squad,LlbN5cQKZik,0.69
575,A Haunted House,J50vA5VLR6k,0.6
576,Struck by Lightning,JAakou4Kdhw,0.64
577,Broken City,oJWfM40Sklc,0.5217391304347826
578,The Last Stand,qUFGVlE1GNQ,0.55
579,Mama,1lNyP7w3CuQ,0.54
580,Hansel & Gretel: Witch Hunters,p6wk1XySBTk,0.87
581,John Dies at the End,OJ4vjJv66Ko,0.8
582,Movie 43,A9fBCkwDW8c,0.59
583,Parker,QGu6InUcdUY,0.726027397260274
584,Bullet to the Head,qGDyslD68as,0.5816326530612245
585,The Haunting in Connecticut 2: Ghosts of Georgia,hcoR4S-E8b4,0.3908045977011494
586,Stand Up Guys,NApJNjPTqZs,0.87
587,Warm Bodies,_TDYhTNpUzo,0.5714285714285714
588,A Glimpse Inside the Mind of Charles Swan III,1Q9NWeZba1c,0.4285714285714285
589,Identity Thief,x8ZI0H3_tdU,0.5882352941176471
590,Side Effects,X5WgC_JthA4,0.5625
591,Beautiful Creatures,b2IVUIZX-Ws,0.6451612903225806
592,A Good Day to Die Hard,0_0K7ZfU2e0,0.61
593,Safe Haven,q3y8fFPPgdA,0.81
595,Dark Skies,K8iLp1xQtPQ,0.61
596,Snitch,rieI5g9fgRc,0.77
597,21 & Over,JsMFggMLgY0,0.57
598,Jack the Giant Slayer,SBBONir09z4,0.71
599,The Last Exorcism Part II,0h8eyHaoNMA,0.49
600,Stoker,YJWrXKoTpL0,0.7
601,Dead Man Down,6WKmnAcMTKM,0.81
602,Oz the Great and Powerful,DylgNj4YQVc,0.9
603,The Call,N2I85cPlhk0,0.76
604,The Incredible Burt Wonderstone,kn1wR1V9dqs,0.77
605,Spring Breakers,PmaQ4KxjWSA,0.4193548387096774
606,Admission,fclznaYtZEQ,0.5
608,Olympus Has Fallen,ar-IaAx7s8k,0.62
609,Trance,8zBilTaofZA,0.71
611,The Host,SRKjf8b4f2E,0.73
612,The Place Beyond the Pines,KepnbJT5nBw,0.8
613,Temptation: Confessions of a Marriage Counselor,wJ7Srr0MvXI,0.4833333333333333
614,Evil Dead,vTGHA33Xyh4,0.66
615,Upstream Color,SilYsr_3vrA,0.47
616,42,I9RHqdZDCF0,0.75
617,Scary Movie 5,RMDZ8M47j0I,0.39
618,Java Heat,lQHMTMJsqQA,0.61
619,The Lords of Salem,76-CTeBTzDU,0.25
620,Oblivion,tx6_JMDFfWI,0.52
621,The Big Wedding,TS40GwpoDcw,0.4754098360655737
622,Mud,2m9IFlz2iYo,0.84
623,Pain & Gain,X4orHp2y2ZQ,0.6
624,Iron Man 3,Ke1Y3P9D0Bc,0.68
625,The Iceman,eI6YE0xGCjo,0.5476190476190477
628,The Great Gatsby,nIewKn6EnAs,0.75
629,No One Lives,7Eiko_J6mfE,0.72
630,Peeples,C5tU1Ok7OQk,0.5344827586206896
631,Star Trek Into Darkness,QAEkuVgt6Aw,0.7
632,Frances Ha,YdxCnCvCngk,0.6666666666666666
633,The Reluctant Fundamentalist,ejxfDqK-kZo,0.6506024096385542
634,The Hangover Part III,96TelFMZwHc,0.64
635,Before Midnight,NRVLVPWzeek,0.3333333333333333
637,Fast & Furious 6,oc_P11PNvRs,0.4202898550724637
638,After Earth,CZIt20emgLY,0.73
639,The East,7z54r8jvGj8,0.5555555555555556
640,The Kings of Summer,cLnAiVI4R2Q,0.5614035087719298
641,Now You See Me,C2NWGAqZhF4,0.7090909090909091
642,Hello Herman,-je-RGsUgoM,1.0
643,The Internship,vSnxuOD3WJs,0.5283018867924528
644,The Purge,K0LLaybEuzA,0.3
645,Violet & Daisy,C7CdL8xXmxE,0.57
646,This Is the End,RmC34g6tIAI,0.71
647,The Bling Ring,NcE2fj-EtJY,0.4096385542168674
648,Man of Steel,T6DJcgm3wNY,0.75
650,World War Z,slfrrjPndV4,0.55
651,Copperhead,Vo-j4_05bcI,0.6
652,The Heat,1O3iRdiplB0,0.79
653,Hummingbird,8c77ONP5QnM,0.5588235294117647
654,White House Down,WfaTlmYvTA8,0.6
656,Kevin Hart: Let Me Explain,T69cdWclv9I,0.73
657,The Lone Ranger,L9DDCKVrZfU,0.73
658,Bad Words,C63J6wIrD10,0.66
659,"The Way, Way Back",GiH5wmuexZY,0.69
660,Fruitvale Station,vHkKUPHn8TE,0.5283018867924528
661,Grown Ups 2,Sq5CIH0duMk,0.79
662,Pacific Rim,5guMumPFBag,0.66
663,Turbo,VlRtm8Gh9PQ,0.5357142857142857
664,The Conjuring,ejMMn0t58Lc,0.68
665,R.I.P.D.,nt59JjtWFSU,0.77
666,Red 2,sCM3HhGUJsM,0.82
667,The World's End,hFo7eJR2cvc,0.8
668,Blue Jasmine,KK7_xLxf4o0,0.64
669,The To Do List,kd4QczxPahw,0.2692307692307692
670,The Wolverine,toLpchTUYk8,0.72
672,2 Guns,AK6EbfdnTHg,0.61
673,The Canyons,oOXwft6UaRU,0.4444444444444444
674,Europa Report,XhdRYk1Y8VA,0.72
675,The Spectacular Now,0dCfbBwFI2Y,0.5405405405405406
676,Percy Jackson: Sea of Monsters,M4MNNw9ZhrA,0.54
677,We're the Millers,0Vsy5KzsieQ,0.79
678,Elysium,oIBtePb-dGY,0.71
680,Ain't Them Bodies Saints,ga0c0v-stK0,0.74
681,The Butler,FuojHqfe4Vk,0.81
682,Jobs,FrvkCS0ZGPU,0.74
683,Kick-Ass 2,Td921lYSBIA,0.69
684,Paranoia,2T1RLye5Z_w,0.61
685,The Mortal Instruments: City of Bones,hc4CiTvQ-YE,0.64
686,Drinking Buddies,Dj9Q92s97Uc,0.5625
687,Short Term 12,qhS6tvSb0UQ,0.86
688,You're Next,3ZKQU0YYkNw,0.7
689,Getaway,7ZF4jzMJ1oI,0.77
690,Hell Baby,6AaaoMfbx0o,0.66
691,Riddick,iP3eFIOBU0k,0.51
692,August: Osage County,9Hd_uO72h1s,0.82
693,The Family,-SwDU04Oeak,0.61
694,Insidious: Chapter 2,fBbi4NeebAk,0.69
695,Dick Figures: The Movie,H0poVodH4Vo,0.69
696,Battle of the Year,QibqRB9Gs9k,0.73
697,Enough Said,R09EnVNGnio,0.6282051282051282
698,Prisoners,bpXfcTF6iVk,0.77
699,Rush,4XA73ni9eVs,0.83
700,Baggage Claim,wj8S_fCAV74,0.65
701,Cloudy with a Chance of Meatballs 2,IzC18WEfszw,0.58
702,Don Jon,2A63Ly0Pvpk,0.78
703,Metallica: Through the Never,N4IhWJ8r7_4,0.75
704,Grace Unplugged,jhU1bUeNF3c,0.6164383561643836
705,Gravity,OiTiKOy59o4,0.68
706,Runner Runner,UFPqyNvNzvU,0.73
707,Captain Phillips,GEyM01dAxp8,0.76
708,Machete Kills,DwbG64YC-vQ,0.53
709,12 Years a Slave,z02Ie8wKKRg,0.68
710,Escape Plan,etWeYkQ_KLw,0.5697674418604651
711,Carrie,qSn7JyijA8k,0.65
712,The Fifth Estate,YQOiS_l_0Jk,0.82
713,I'm in Love with a Church Girl,XtORLCS6J8A,0.7
714,The Counselor,6ML50I0mVHY,0.66
715,Jackass Presents: Bad Grandpa,tctgUr147zA,0.7
716,About Time,T7A810duHvw,0.88
717,Dallas Buyers Club,KDvPcBeOn8E,0.46875
718,Ender's Game,2SRizeR4MmU,0.69
719,Free Birds,gxslnpqFwOs,0.55
720,Last Vegas,TvK3m0wJutI,0.76
721,The Book Thief,92EBSmxinus,0.66
722,Thor: The Dark World,npvJ9FTgZbM,0.68
723,The Best Man Holiday,va7uNZS39ZY,0.8
724,Delivery Man,LS6gSIDe08o,0.5384615384615384
725,The Hunger Games: Catching Fire,EAzGXqJSDJ8,0.7
726,Nebraska,YvW_DmfKfSk,0.627906976744186
727,Philomena,x6ToSr_LSKU,0.5888888888888889
728,Black Nativity,yfhupIQ1JnE,0.63
730,Homefront,tjSOj8b804U,0.7
731,Oldboy,vdQfLoMh1N0,0.43
732,Inside Llewyn Davis,VuQ8pz-5WLY,0.5581395348837209
733,Out of the Furnace,Gw0qH34cbRE,0.89
734,American Hustle,NqgjPRNRDSY,0.77
735,The Hobbit: The Desolation of Smaug,Os1G8RtqY2c,0.79
736,A Madea Christmas,-SLe_EIpeWI,0.6301369863013698
737,Saving Mr. Banks,nijccxWvyXU,0.83
738,Anchorman 2: The Legend Continues,Elczv0ghqw0,0.6
739,Her,dJTU48_yghs,0.7
741,47 Ronin,j8cKdDkkIYY,0.6
742,Grudge Match,1bQSOBJCPQE,0.69
743,Lone Survivor,yoLFk4JK_RM,0.85
744,The Secret Life of Walter Mitty,kJBFB5GE8Ow,0.84
745,The Wolf of Wall Street,iszwuX1AK6A,0.7
746,Labor Day,QOQL3Xi8dPE,0.91
747,Paranormal Activity: The Marked Ones,ccE9LeAbPU4,0.57
748,The Legend of Hercules,incdXm3E230,0.4444444444444444
749,Devil's Due,hjo7iO6Ghtg,0.6
750,Jack Ryan: Shadow Recruit,K9KAnx4EvaE,0.7
752,Ride Along,7q1kMhOTuHk,0.4615384615384615
753,"I, Frankenstein",NXc5epxOH_c,0.68
754,That Awkward Moment,wRcVgJjnFLo,0.71
755,Nurse 3D,nEtzKmfDTU4,0.35
757,The Monuments Men,SziPDANik18,0.5384615384615384
758,Vampire Academy,QuU8P-D0-is,0.3333333333333333
759,RoboCop,UuVphAuRo7Q,0.61
760,About Last Night,nNZFE3z0T7E,0.8
761,Date and Switch,sXAVfFRxulA,0.0
762,Endless Love,NTAzn4W48gc,0.62
763,Winter's Tale,DBSj1MKwx6A,0.86
764,3 Days to Kill,yswZKfnmf7c,0.48
765,Barefoot,Ppjr-hn1HR4,0.81
766,Pompeii,t6TRwfxDICM,0.45
767,Non-Stop,jiHDJ19A3dk,0.8
768,Son of God,-Hsl5UG9O_c,0.87
769,300: Rise of an Empire,2zqy21Z29ps,0.71
771,The Grand Budapest Hotel,1Fg5iWmQjwk,0.82
772,Need for Speed,u3wtVI-aJuw,0.59
773,The Single Moms Club,WQNOvfixtpo,0.73
774,Veronica Mars,iksrM_LNZ6s,0.63
775,Cheap Thrills,I0e0PH70Nig,0.6052631578947368
776,Divergent,Aw7Eln_xuWc,0.63
777,God's Not Dead,j2KDj7qxnds,0.49
779,50 to 1,AO-9A5KDEr8,0.7872340425531915
780,Noah,6qmj5mhDwJQ,0.66
781,Sabotage,8HDArXZgrsE,0.66
782,Captain America: The Winter Soldier,tbayiPxkUMM,0.6
783,Draft Day,xpvInmz-EJM,0.64
784,Oculus,66RBsIsWJBQ,0.3846153846153846
786,Heaven Is for Real,N-ewaCVARtM,0.77
787,A Haunted House 2,eDyh9YloMVk,0.45
788,Transcendence,VCTen3-B8GU,0.82
789,Brick Mansions,4CzcsN4k9FM,0.58
790,The Other Woman,juxTC7hYGTE,0.58
791,The Amazing Spider-Man 2,nbp3Ra3Yp74,0.64
792,Walk of Shame,yaRw4auU2kQ,0.5
793,Moms' Night Out,-Wo_c7DkgKA,0.6666666666666666
794,Neighbors,KrAf5ALLxGI,0.61
795,Godzilla,vIu85WQTPRc,0.61
797,Blended,V6cKLTmDB-k,0.73
798,X-Men: Days of Future Past,pK2zYHWDZKo,0.75
800,A Million Ways to Die in the West,LhmP8UYtipA,0.72
801,Edge of Tomorrow,vw61gCe2oqI,0.65
802,The Fault in Our Stars,9ItBvH5J6ss,0.58
803,Ping Pong Summer,3Ho-vB6h3TI,1.0
804,22 Jump Street,qP755JkDxyM,0.68
806,Obvious Child,8HpYzpr2iDA,0.4909090909090909
807,The Signal,gwgfeR2pMuE,0.75
808,Jersey Boys,6tC1yOUvvMo,0.76
809,Think Like a Man Too,N8b6kVSZNLE,0.57
810,America: Imagine the World Without Her,98DfrVjxCQg,0.56
811,They Came Together,TPzHRXUcUWU,0.51
812,Transformers: Age of Extinction,T9bQCAWahLk,0.56
813,Deliver Us from Evil,YWDM_p68HAQ,0.7
814,Earth to Echo,novzGPgeY4c,0.58
815,Tammy,N8d6Bpl2eAo,0.71
816,Boyhood,Y0oX0xiwOv8,0.72
817,Dawn of the Planet of the Apes,3sHMCRaS3ao,0.67
818,Road to Paloma,xLcueCRRtjY,0.62
819,Snowpiercer,r6UmqNuMdY4,0.82
820,I Origins,Mk4briOLrTQ,0.72
822,The Purge: Anarchy,XzFCDqKE4yA,0.46
823,Sex Tape,-fQvyfn3wbE,0.48
824,Wish I Was Here,aCponfeWNOI,0.72
825,And So It Goes,wbUdGTZ1uVs,0.3846153846153846
826,Happy Christmas,pjKpGQqDzHA,0.4375
827,Hercules,OwlynHlZEc4,0.57
828,Lucy,MVt32qoyhi0,0.62
829,A Most Wanted Man,OUyYBrlF_W8,0.64
830,Get On Up,0F_pxMmOG4I,0.83
831,Guardians of the Galaxy,d96cjJhvlMA,0.62
832,The Hundred-Foot Journey,MWo67uhzoQg,0.92
833,Into the Storm,xBH25XxM-7g,0.67
834,Step Up: All In,-cBttI0W80U,0.76
836,Let's Be Cops,q6q73NTqH-o,0.65
837,The Expendables 3,4xD0junWlFc,0.66
838,The Giver,fH6B4S9ENY4,0.45
839,Life After Beth,JjysgllBzHQ,0.7333333333333333
840,If I Stay,m9hZ40TJ0zs,0.68
841,The Prince,XdZuyp6DpnI,0.61
842,Sin City: A Dame to Kill For,nqRRF5y94uE,0.58
843,When the Game Stands Tall,qT0aE4iAnJo,0.68
844,"As Above, So Below",X_BaqNzdGXY,0.4426229508196721
845,Cake,P3IsUOSHlnU,0.7
846,Atlas Shrugged Part III: Who Is John Galt?,GSJNU41h5Cg,0.29
848,No Good Deed,G5VeowxERwM,0.8
849,The Guest,y0E2Qh6wLS4,0.76
850,A Walk Among the Tombstones,aTKBowDjMQg,0.51
851,The Maze Runner,64-iSYVmMVY,0.65
852,The Skeleton Twins,ll0pjiOjSiU,0.75
853,This Is Where I Leave You,fH0cEP0mvlU,0.82
854,Tusk,BCQJnOn0ru0,0.47
856,The Equalizer,VjctHUEmutw,0.67
857,Annabelle,paFgQNPGlsg,0.41
858,Gone Girl,2-_-1nJf8Vg,0.73
859,Left Behind,GrXe8YDbzYs,0.48
860,"Men, Women & Children",MHMqpwnUazY,0.63
861,Addicted,kABi5_k8Bdc,0.6666666666666666
863,Dracula Untold,_2aWqecTTuE,0.71
864,The Judge,ZBvK6ni97W8,0.78
865,Whiplash,Df1xkYYbYrY,0.75
866,Birdman,uJfLoE6hanc,0.7
868,Camp X-Ray,_1MDrwqjeGo,0.74
870,Fury,q94n3eWOWXM,0.68
871,Nightcrawler,u1uP_8VJkDQ,0.71
872,John Wick,C0BMx-qxsP4,0.62
873,Revenge of the Green Dragons,3c-YiIC5Bz4,0.52
874,Ouija,_T1Jj1inE8M,0.37
875,Interstellar,zSWdZVtXT7E,0.72
877,Jessabelle,CoBCEdt_BC8,0.62
878,Beyond the Lights,sfcfZn8nq3w,0.89
879,Dumb and Dumber To,dmNddThxi4c,0.62
880,Foxcatcher,Jhkj1TVITf8,0.4545454545454545
881,The Homesman,SAYQklUPLBI,0.8235294117647058
882,Saving Christmas,z5-yA66kaVc,0.31
883,The Hunger Games: Mockingjay – Part 1,3PkkHsuMrho,0.62
884,Horrible Bosses 2,utriEZFno0E,0.77
886,Wild,tn2-GSqPyl0,0.89
887,Exodus: Gods and Kings,t-8YsulfxVI,0.65
888,Inherent Vice,wZfs22E7JmI,0.82
889,Top Five,ayS12L3kY50,0.6
890,The Hobbit: The Battle of the Five Armies,iVAgTiBrrDA,0.62
891,Annie,nasLuiP-1E0,0.54
892,Night at the Museum: Secret of the Tomb,KMKk7Dn__-Y,0.6
893,American Sniper,99k3u9ay1gs,0.76
894,Big Eyes,2xD9uTlh5hI,0.77
895,The Gambler,Y5gPQXbFs9Y,0.73
896,The Interview,DkJA1rb8Nxo,0.57
898,Selma,kPgs2zshD9Y,0.75
899,Unbroken,XrjJbl7kRrI,0.82
900,The Woman in Black: Angel of Death,5-a8bWi4LO0,0.42
901,Taken 3,JuU0M2xBasc,0.49
902,Blackhat,-CA95Bzpy7s,0.34
903,Spare Parts,myjar5KoqZA,0.64
904,The Wedding Ringer,KG5CnCgnplU,0.76
905,The Boy Next Door,MgbBwovOOoc,0.55
906,The Humbling,qu6SCUXeYl0,0.5851063829787234
907,Mortdecai,aW_sfxUnbZA,0.78
908,Song One,ihdJgH757A0,0.69
909,Strange Magic,Xr9iLfD6xus,0.62
911,The Loft,Vzw7ds7JoT4,0.4857142857142857
912,Project Almanac,TGuLpPldJZA,0.4736842105263157
913,Wild Card,7fJGbTfFPkM,0.65
914,Jupiter Ascending,gQHKolIqBGs,0.75
915,Seventh Son,5i90Qr0Qi6w,0.41
917,The Voices,3hQpV9Q0A7E,0.71
918,Accidental Love,OwCatikaHNM,0.46
919,Fifty Shades of Grey,SfZWFDs0LxA,0.5
920,Kingsman: The Secret Service,m4NCribDx4U,0.73
921,The Last Five Years,IoRF_Bzuwtk,0.55
922,The DUFF,ci7eKlNRiuw,0.6
923,Hot Tub Time Machine 2,BNJ-UxlKXGY,0.52
925,Focus,MxCRgtdAuBo,0.59
926,The Lazarus Effect,1Ks6JqLzVTA,0.47
927,Maps to the Stars,_itp92Dc52M,0.3333333333333333
928,Chappie,lyy7y0QOK-0,0.71
929,The Second Best Exotic Marigold Hotel,3REYWGRmLnQ,0.92
930,Unfinished Business,8yb9Dn2mnMg,0.64
932,The Cobbler,kMVGScC0vDA,0.73
933,It Follows,HkZYbOH0ujw,0.66
934,Run All Night,plrh783KCqg,0.6170212765957447
935,Danny Collins,AndERTFMYd4,0.83
936,The Divergent Series: Insurgent,IR-l_TSjlEo,0.47
937,Do You Believe?,ogIX2Q7tEdc,0.78
938,The Gunman,Ug9xufczPVE,0.64
939,Tracers,nSfZahdXxU4,0.62
940,Get Hard,lEqrpuU9fYI,0.71
942,Serena,nqt1I1OL_Hg,0.76
943,While We're Young,lNEKFG0eAKE,0.5
944,Furious 7,Skpu5HaVkOc,0.52
945,Woman in Gold,ZqC28wtsaig,0.76
946,Ex Machina,sNExF5WYMaA,0.61
947,The Longest Ride,FUS_Q7FsfqU,0.75
948,Child 44,Uia6y9SRsj4,0.82
949,Monkey Kingdom,xasvQYdvSD0,0.69
950,Paul Blart: Mall Cop 2,b_ld3IJ0sUU,0.52
951,Unfriended,Lgj4GjqCFlY,0.34
953,Brotherly Love,mOACSS97KQM,0.67
954,Little Boy,b_BdzqsIX6A,0.66
955,The Age of Adaline,7UzSekc0LoQ,0.82
956,The Water Diviner,grIiiHuetis,0.5076923076923077
957,Avengers: Age of Ultron,P5iIPfNzj2o,0.46
958,The D Train,A4vqHV44eZE,0.52
959,Maggie,AQ5Vz8qE8R8,0.73
960,Mad Max: Fury Road,hEJnMQG9ev8,0.64
961,Pitch Perfect 2,OgPm-yaLoyo,0.62
962,I'll See You in My Dreams,F1VbBOTXzfI,0.6923076923076923
963,Poltergeist,HD2sz9RVzfM,0.39
965,Aloha,D273Tiea-IQ,0.4482758620689655
966,Barely Lethal,HwLY3aiT26U,0.63
967,Spy,YrY3v1eDmQY,0.81
968,Insidious: Chapter 3,3HxEXnVSr1w,0.56
969,Jurassic World,RFinNxS5KN4,0.66
970,Inside Out,yRUAzGQ3nSY,0.5
971,Ted 2,S3AVcCggRnU,0.55
972,Terminator Genisys,FqbOFjl7ZWE,0.47
973,Magic Mike XXL,oLoyU3xYwbs,0.58
975,The Gallows,F_8OKImO2pc,0.43
976,Self/less,71fWtJXEI0Q,0.56
977,Tangerine,fUxRxgtYt0M,0.4912280701754385
978,Strangerland,v3Kj1VmbJiw,0.44
979,Ant-Man,pWdKf3MneyI,0.64
980,Trainwreck,y_KP9x80Z9Q,0.59
981,Irrational Man,5Wf-ouBdYY8,0.5294117647058824
982,Mr. Holmes,0G1lIBgk4PA,0.72
983,Pixels,XAHprLW48no,0.52
984,Paper Towns,rFGiHm5WMLk,0.64
985,The Vatican Tapes,Yelog-WwqD4,0.43
986,Vacation,kleG7XCqOb4,0.79
987,Mission: Impossible – Rogue Nation,pXwaKB7YOjw,0.72
988,Fantastic Four,_rRoD28-WgU,0.45
989,The Gift,I3IiZU9JBuE,0.69
990,Ricki and the Flash,MiRuo5gRTqs,0.6666666666666666
991,Straight Outta Compton,oyoew4T74_w,0.7
992,The Man from U.N.C.L.E.,4K4Iv_N9Nno,0.76
993,American Ultra,bLGFwkRx2HA,0.7
994,Hitman: Agent 47,alQlJDRnQkE,0.37
995,She's Funny That Way,Qp4gomOKJnY,0.5454545454545454
996,No Escape,DOjj07EuO50,0.83
997,War Room,2DbRwcrhiLA,0.8
998,Before We Go,vNzaiGzPoUg,0.83
999,The Visit,YfQnRjkuvaY,0.51
1000,The Perfect Guy,CikoxQ4ytI4,0.54
1001,Sleeping with Other People,RG3Q2ua5izw,0.68
1002,Black Mass,R_F-lVhSfx8,0.66
1003,Captive,6IKJFYegRJk,0.72
1004,Everest,79Q2rrQlPW4,0.7
1005,Maze Runner: The Scorch Trials,-44_igsZtgU,0.63
1006,Sicario,7XLQ1bkSLDo,0.86
1008,99 Homes,Vh0piQN1_LY,0.75
1009,The Intern,ZU3Xban0Y6A,0.8
1010,Mississippi Grind,7p1MNB6TNQU,0.6071428571428571
1011,The Walk,GR1EmTKAWIw,0.64
1012,The Martian,ej3ioOneTy8,0.6
1013,Freeheld,-N-NTx46K_g,0.5897435897435898
1014,Steve Jobs,aEr6K1bwIVs,0.72
1015,Pan,Y1wRv8vTpxo,0.71
1016,Knock Knock,BHV0lsAqiS8,0.39
1017,Beasts of No Nation,2xb9Ty-1frw,0.8
1018,Bridge of Spies,mBBuzHrZBro,0.76
1019,Crimson Peak,6yAbFYbi8XU,0.65
1020,Goosebumps,7Cn716jv61s,0.52
1021,Room,E_Ci-pAL4eE,0.63
1022,Woodlawn,BRQaEJv9qIk,0.79
1023,Truth,oWZY3pHIV84,0.3636363636363636
1024,Rock the Kasbah,jtvcb5N_kek,0.58
1025,Paranormal Activity: The Ghost Dimension,RFxrhcxbQXo,0.5
1027,The Last Witch Hunter,xsuG2JUgs_8,0.71
1028,Bone Tomahawk,0ZbwtHi-KSE,0.75
1029,Scouts Guide to the Zombie Apocalypse,ZOhSbNJ7MqI,0.62
1030,Our Brand Is Crisis,BLZo_ILZhfk,0.64
1031,Freaks of Nature,eNXH63gCOG8,0.59
1032,Burnt,QsyzkkI_g14,0.7
1033,Spectre,ujmoYyEyDP8,0.85
1034,Spotlight,EwdCIpbTN5g,0.77
1036,The 33,hOoIBOYqHyw,0.7
1037,My All American,udOir1ucj38,0.64
1038,Love the Coopers,-TSX_0rwPNc,0.7
1039,By the Sea,y08gxV5tHUQ,0.4526315789473684
1040,Carol,EH3zcuRQXNo,0.81
1041,Legend,yI3v6KfR9Mw,0.74
1042,The Hunger Games: Mockingjay – Part 2,n-7K_OjsDCQ,0.44
1043,The Night Before,kOBdxkhJvHQ,0.61
1044,Creed,Uv554B7YHk4,0.69
1046,Victor Frankenstein,7pxZxY_Siyc,0.61
1047,Krampus,h6cVyoMH4QE,0.54
1048,In the Heart of the Sea,K-H35Mpj4uk,0.74
1049,The Big Short,vgqG3ITMv1Q,0.61
1051,Sisters,vRnhEjP3R-c,0.62
1052,Star Wars: The Force Awakens,sGbxmsDFVnE,0.65
1053,Concussion,Io6hPdC41RM,0.72
1054,Daddy's Home,arhMMJx7tCU,0.5
1055,Joy,uR-2TiQVY-k,0.83
1056,Point Break,ncvFAm4kYCo,0.49
1057,The Hateful Eight,nIOmotayDMY,0.73
1058,The Revenant,LoebZZ8K5N0,0.79
1059,Anomalisa,WQkHA3fHk_0,0.62
1061,Ride Along 2,iWfmmwdCHTg,0.68
1062,13 Hours: The Secret Soldiers of Benghazi,5MBjAN7jqsQ,0.7
1064,Dirty Grandpa,skl7gYRZHwE,0.4189189189189189
1065,The 5th Wave,kmxLybfGNC4,0.56
1066,The Boy,XGbB9UQ6r1g,0.46
1068,The Finest Hours,BQmllwTKtqU,0.84
1069,Fifty Shades of Black,J1pOTTcdRO8,0.58
1070,Jane Got a Gun,fm7qxI3gmpw,0.59
1071,"Hail, Caesar!",kMqeoW3XRa0,0.76
1072,Pride and Prejudice and Zombies,syjfmdvLu9c,0.66
1073,The Choice,3igwHv6Msjo,0.5263157894736842
1074,Deadpool,Xithigfg7dA,0.55
1075,Zoolander 2,4CL4LNWHegk,0.47
1076,How to Be Single,akwGjUeU6YA,0.63
1077,Risen,OcTVLfn5i8g,0.79
1078,The Witch,iQXmlf3Sefg,0.63
1079,Gods of Egypt,tuVg_6UaQsU,0.48
1080,Triple 9,JzUtr5sjRvU,0.72
1081,Eddie the Eagle,hyzQjVUmIxk,0.85
1083,London Has Fallen,3AsOdX7NcJs,0.5
1084,Whiskey Tango Foxtrot,2V8V6-VjnWw,0.72
1085,The Other Side of the Door,C1HjOEubv2Y,0.44
1086,Open Season: Scared Silly,Z3nGcP8fews,0.39
1087,10 Cloverfield Lane,1WQfDnj_e2I,0.5294117647058824
1088,Grimsby,_YtclB_02wA,0.72
1089,The Young Messiah,pVfmdLO2Ui8,0.64
1090,The Perfect Match,lf4GJAY4n1I,0.6666666666666666
1091,"Hello, My Name Is Doris",pJwPqSnC774,0.6923076923076923
1092,Miracles from Heaven,CldGTG6iVrU,0.73
1093,The Divergent Series: Allegiant,tE8LEPSTK6A,0.59
1094,The Bronze,6B7JH30oCME,0.55
1095,Midnight Special,1zuQTmVCEn4,0.8
1096,Batman v Superman: Dawn of Justice,NhWg7AQLI_8,0.6
1097,My Big Fat Greek Wedding 2,JQ-1Ts3BChM,0.73
1098,I Saw the Light,4Oo5y54dDh0,0.4583333333333333
1099,Everybody Wants Some!!,y6raUs0CiCQ,0.74
1100,God's Not Dead 2,Sxz-Y-c2UUc,0.42
1101,Meet the Blacks,ivqhlpUCnZY,0.44
1102,The Boss,V8GAMZqJqjs,0.67
1103,Hardcore Henry,96EChBYVFhU,0.51
1104,Demolition,3UnSXelOJo0,0.75
1105,The Invitation,ZbyUw_2lJ-0,0.55
1107,Barbershop:The Next Cut,l2vPDGStL4k,0.57
1108,Criminal,3bvnoqsvY-M,0.78
1109,Green Room,Q8XSARX3DQg,0.8
1110,The Huntsman: Winter's War,eAvCgVR0gIM,0.63
1111,A Hologram for the King,UW4OE1egbHs,0.4
1112,Elvis & Nixon,o9x3Z6b0Z1g,0.56
1113,Keanu,K9zy27apgI8,0.69
1114,Mother's Day,2BPr217zLps,0.68
1116,Captain America: Civil War,FkTybqcX-Yo,0.51
1117,Money Monster,xT3SLHlnEUI,0.5882352941176471
1118,The Darkness,FDhoqY1grJY,0.46
1120,Neighbors 2: Sorority Rising,X2i9Zz_AqTg,0.63
1121,The Nice Guys,GQR5zsLHbYw,0.8
1122,X-Men: Apocalypse,COvnHv42T-A,0.52
1125,Me Before You,T0MmkG_nG1U,0.7
1126,Popstar: Never Stop Never Stopping,Q9RoNzJrmDo,0.57
1127,The Conjuring 2,VFsmuRPClr4,0.56
1128,Warcraft,2Rxoz13Bthc,0.52
1129,Now You See Me 2,4I8rVcSQbic,0.52
1131,Central Intelligence,MxEw3elSJ8M,0.55
1132,Independence Day: Resurgence,LbduDRH2m2M,0.5
1133,The Shallows,EgdxIlSuB70,0.54
1134,Free State of Jones,3EMkxEKKSQI,0.82
1135,The Neon Demon,cipOTUO0CmU,0.58
1136,Swiss Army Man,yrK1f4TsQfM,0.61
1137,The Legend of Tarzan,Aj7ty6sViiU,0.64
1139,The Purge: Election Year,RXMp9fBomJw,0.41
1141,Captain Fantastic,D1kH4OMIOMc,0.81
1142,Mike and Dave Need Wedding Dates,33MtR-g4Jcg,0.76
1143,The Infiltrator,N7_M4hjXW1I,0.6
1144,Café Society,-1yDgVpHH8U,0.696969696969697
1145,Ghostbusters,w3ugHP-yZXw,0.18
1146,Star Trek Beyond,XRVD32rnzOw,0.48
1147,Batman: The Killing Joke,BjmFe9B9vy8,0.48
1148,Ice Age: Collision Course,Ohq6NmKMja8,0.69
1149,Lights Out,6LiKKFZyhRU,0.41
1150,Nerve,2PR9MOPTI7g,0.52
1151,Jason Bourne,v71ce1Dqqns,0.59
1152,Bad Moms,iKCw-kqo3cs,0.46
1153,Suicide Squad,CmRih_VtVAs,0.66
1154,Pete's Dragon,fPOamb6d_20,0.68
1155,Sausage Party,WVAcTZKTgmc,0.37
1156,Hell or High Water,JQoqsKoJVDw,0.89
1157,Ben-Hur,3BmeR9GYdDU,0.42
1159,War Dogs,Rwh9c_E3dJk,0.67
1160,Mechanic: Resurrection,QF903RaKLvs,0.58
1161,Don't Breathe,76yBTNDB6vU,0.47
1162,Hands of Stone,KeP5YVVkQV8,0.62
1163,The Light Between Oceans,YSX-mpsVutQ,0.83
1164,Morgan,rqmHSR0bFU8,0.6
1165,Sully,mjKEXxO2KNE,0.75
1166,When the Bough Breaks,Ws74Ie4fMc8,0.63
1167,The Disappointments Room,9Nyp-LGHj8o,0.34
1168,Bridget Jones's Baby,mJsvmscPY9w,0.59
1169,Snowden,QlSAiI3xMh4,0.47
1170,Blair Witch,girSv9UH_V8,0.32
1171,Hillsong: Let Hope Rise,kmz2q-CgGyY,0.5833333333333334
1172,The Magnificent Seven,q-RBA0xoaWU,0.71
1174,Miss Peregrine's Home for Peculiar Children,tV_IhWE4LP0,0.52
1175,Deepwater Horizon,S-UPJyEHmM0,0.67
1176,Queen of Katwe,z4l3-_yub5A,0.84
1178,The Girl on the Train,y5yk-HGqKmM,0.59
1179,The Birth of a Nation,i18z1EQCoyg,0.75
1180,Middle School: The Worst Years of My Life,XQtjPUyS6ZY,0.48
1181,The Accountant,DBfsgcswlYQ,0.74
1182,Kevin Hart: What Now?,d3R4rxv33sg,0.51
1184,Jack Reacher: Never Go Back,aRwrdbcAh2s,0.7
1185,Keeping Up with the Joneses,nPfYXXg65qA,0.64
1186,Ouija: Origin of Evil,MJIcZGEjjwo,0.54
1187,Boo! A Madea Halloween,-sPHseSGr9Q,0.45
1188,I'm Not Ashamed,RJJ2xphZjjA,0.79
1189,American Pastoral,079zFCh81L4,0.5238095238095238
1190,Inferno,RH2BD49sEZI,0.51
1191,Doctor Strange,Lt-U_t2pUHI,0.65
1193,Hacksaw Ridge,s2-1hz1juBI,0.67
1195,Billy Lynn's Long Halftime Walk,veoPig2LJDU,0.3448275862068966
1196,Fantastic Beasts and Where to Find Them,ViuDsy7yb8M,0.66
1197,The Edge of Seventeen,vswj96INhmo,0.61
1198,Bleed for This,zQ6ny-fROX8,0.77
1199,Manchester by the Sea,gsVoD0pTge0,0.8
1201,Bad Santa 2,QmckiK-JvB8,0.53
1202,Rules Don't Apply,a_QiAunKtxo,0.4605263157894737
1203,Incarnate,g10LD3Xsh2Q,0.53
1204,La La Land,0pdqf4P9MB8,0.65
1205,Office Christmas Party,4gzLSQGNBCA,0.5952380952380952
1206,Collateral Beauty,dpFyds_pS2E,0.77
1207,Fences,spCxVd9ctFs,0.79
1208,Rogue One: A Star Wars Story,frdj1zb9sMY,0.57
1209,The Founder,AX2uz2XYkbo,0.51
1210,Assassin's Creed,xLBZ1_J1xvM,0.6
1211,Passengers,7BWWWQzTpNU,0.61
1213,Patriots Day,ykwSo64RYao,0.49
1214,A Monster Calls,WMgm20Di9Wg,0.74
1215,Silence,IqrgxZLd_gE,0.69
1216,Why Him?,xOZ2bs9IboU,0.71
1217,Hidden Figures,5wfrDhgUMGI,0.76
1218,Live by Night,CtFZcAuH-qI,0.76
1219,Paterson,m8pGJBgiiDU,0.84
1220,Underworld: Blood Wars,rKHL5PyAPzs,0.65
1221,Monster Trucks,wQGawWqJdfs,0.48
1222,The Bye Bye Man,ZGdOnCiQRpQ,0.26
1223,Sleepless,LzWNDXwRbLY,0.61
1224,Split,U58Om9LXYFs,0.5625
1225,XXX: Return of Xander Cage,-ziu6JzJTZ0,0.56
1226,The Resurrection of Gavin Stone,44nmZ31RNOY,0.67
1228,Resident Evil: The Final Chapter,79Sd4GtOXuI,0.42
1229,Rings,p17DJbPRLc0,0.32
1230,The Space Between Us,x73-573aWfs,0.56
1231,I Am Not Your Negro,rNUYdgIyaPM,0.78
1234,Fifty Shades Darker,n6BVyk7hty8,0.42
1235,John Wick: Chapter 2,ChpLV9AMqm4,0.52
1236,The Great Wall,avF6GHyyk5c,0.69
1237,A Cure for Wellness,4mcVodJmBlU,0.71
1238,Fist Fight,9aIzXYo6VCE,0.61
1239,XX,LGH-zJ9_uFs,0.44
1240,Get Out,DzfpyUB60YY,0.62
1242,Collide,p7yt_t3nZKA,0.63
1243,Logan,Div0iP65aZo,0.68
1244,The Shack,Ouc9W0GRlQw,0.6111111111111112
1245,Before I Fall,q3Zyy4ZXegE,0.71
1246,Table 19,2BrKGHl5EXQ,0.74
1247,Kong: Skull Island,44LdLqgOpjo,0.56
1249,The Belko Experiment,jP2Ow2CX6OQ,0.5
1250,Power Rangers,Q-C4qqsgs8w,0.57
1251,Life,cuA-xqBw4jE,0.64
1252,CHiPs,nmgeiznfdLI,0.47
1254,Ghost in the Shell,tRkb1X9ovI4,0.52
1256,The Zookeeper's Wife,eiEfrA6MWs4,0.83
1257,The Case for Christ,rhe8KhSxWGo,0.7
1259,Going in Style,hcdTN5soeQw,0.64
1260,Colossal,fqcZtz8VXXE,0.66
1261,Gifted,x7CAjpdRaXU,0.78
1262,Aftermath,oUXUm6he2-s,0.49
1263,The Fate of the Furious,JwMKRevYa_M,0.37
1265,The Lost City of Z,yqGDNvX1F4g,0.47
1266,Born in China,PGJh7Zhq6SE,0.7653061224489796
1267,Unforgettable,iFXIBL617yc,0.6
1269,The Circle,QUlr8Am4zQ0,0.62
1270,How to Be a Latin Lover,Tir_yK1kROg,0.73
1271,Sleight,jOBAoSy4oJI,0.4383561643835616
1272,Guardians of the Galaxy Vol. 2,wX0aiMVvnvg,0.6
1273,King Arthur: Legend of the Sword,jIM4-HLtUM0,0.76
1274,Snatched,QcyeYFXdHNQ,0.4
1275,Lowriders,6k0mm_cxzy0,0.48
1276,The Wall,xpNLhb7cyd0,0.4404761904761904
1277,Paris Can Wait,yXYuIzC7qcg,0.7272727272727273
1278,Alien: Covenant,svnAD0TApb8,0.48
1280,"Everything, Everything",0LyEE7eR0nM,0.67
1281,Baywatch,eyKOgnaf0BU,0.6
1282,Pirates of the Caribbean: Dead Men Tell No Tales,Hgeu5rhoxxY,0.67
1283,Wonder Woman,VSB4wGIdDwo,0.72
1286,The Mummy,IjHgzkQM2Sg,0.36
1287,It Comes at Night,6YOYHCBQn9g,0.56
1289,Rough Night,kyIlMQvv-qk,0.58
1290,All Eyez on Me,nsrOCzUwcjE,0.61
1291,47 Meters Down,iVpCsTBH5WY,0.6
1292,The Book of Henry,Nd60i3ZnLOE,0.68
1293,Transformers: The Last Knight,6Vtf0MszgP8,0.4
1294,The Beguiled,iBoLK5z_FHo,0.5
1295,The Big Sick,jcD0Daqc3Yw,0.81
1297,Baby Driver,zTvJJnoWIPk,0.74
1298,Okja,AjCebKn4iic,0.66
1300,The House,FK5OJse8haA,0.71
1301,Inconceivable,vse9mg7AnGM,0.44
1302,A Ghost Story,c_3NMtxeyfk,0.77
1303,Spider-Man: Homecoming,rk-dF1lIbIg,0.49
1304,War for the Planet of the Apes,JDcAlo8i2y8,0.84
1305,Wish Upon,Sp8GRrrbE-A,0.2823529411764706
1306,Dunkirk,F-eMt3SrfFU,0.64
1307,Girls Trip,HnqkPpSn94Y,0.6530612244897959
1308,First Kill,t719hhEdWJc,0.77
1309,Atomic Blonde,JIqcMl0hzXs,0.68
1310,The Emoji Movie,r8pJt4dK_s4,0.39
1311,An Inconvenient Sequel: Truth to Power,huX1bmfdkyA,0.41
1312,Detroit,d5h7Kgo-zeI,0.57
1313,The Dark Tower,GjwfqXTebIY,0.45
1315,Wind River,W7V9Fsll5qM,0.7093023255813954
1316,Annabelle: Creation,KisPhy7T__Q,0.53
1317,The Nut Job 2: Nutty by Nature,nYif5QTYI9w,0.31
1318,Good Time,nrR-SbCRgCU,0.84
1319,The Hitman's Bodyguard,IpKmt4MpctM,0.62
1320,Logan Lucky,aPzvKH8AVf0,0.74
1321,Patti Cake$,L-591Dqa48g,0.81
1322,All Saints,IaMfIvCTY-o,0.8125
1323,Film Stars Don't Die in Liverpool,43_KLNaEc6M,0.65
1324,Tulip Fever,2djWwOK0Im8,0.66
1325,It,hAUTdjf9rko,0.46
1326,Home Again,W1fklW6lESw,0.75
1327,Fallen,rJWx-oFBTG8,0.55
1328,American Assassin,5dfcQOBJ83A,0.74
1329,Mother!,XpICoc65uh0,0.58
1330,Kingsman: The Golden Circle,6Nxc-3WpMbg,0.68
1332,Stronger,XkoM5r9LR14,0.77
1333,Battle of the Sexes,5AWP1K7FaFI,0.4666666666666667
1334,Woodshock,RpscZ_YD-ns,0.69
1335,Jeepers Creepers 3,wPYvY4RoAvo,0.36
1336,American Made,AEBIJRAkujM,0.77
1337,Flatliners,a1S52y5ZVlY,0.58
1338,Blade Runner 2049,gCcx85zbxz4,0.75
1339,The Mountain Between Us,3jyzGKXBOxA,0.67
1341,The Florida Project,WwQ-NH1rRT4,0.78
1342,Brawl in Cell Block 99,5hfAExhHTMM,0.79
1343,Happy Death Day,1NTaDm3atkc,0.54
1344,Marshall,IfvzEXhhWNk,0.74
1345,Breathe,JycCFypvgmI,0.72
1346,Geostorm,EuOlYPSEzSc,0.53
1347,Only the Brave,mQj4BkYf-HM,0.76
1348,The Snowman,c44kam_8N3I,0.56
1349,Boo 2! A Madea Halloween,feRTw6OK_Ks,0.61
1350,Same Kind of Different as Me,o1EsLulr2q4,0.8
1351,Wonderstruck,o1vV0oorclg,0.546875
1352,Thank You for Your Service,50LQGcb5knE,0.71
1353,Suburbicon,IYga2m0V2O0,0.65
1354,Jigsaw,vPP6aIw1vgY,0.53
1355,All I See Is You,zTTaFg2Sq9Y,0.54
1356,Thor: Ragnarok,ue80QwXMRHg,0.61
1357,A Bad Moms Christmas,NGewN1G988o,0.5074626865671642
1358,Lady Bird,cNi_HC839Wo,0.63
1359,Murder on the Orient Express,Mq4m3yAoW8E,0.54
1360,Daddy's Home 2,huaGQdrkrK0,0.65
1361,LBJ,xrnEp8WLH0g,0.55
1362,"Three Billboards Outside Ebbing, Missouri",Jit3YhGx5pU,0.84
1363,Mayhem,iJJGAInln0c,0.4556962025316455
1364,Justice League,3cxixDgHUYw,0.41
1366,Wonder,ngiK1gQKgK8,0.71
1367,"Roman J. Israel, Esq.",CItEtnp3nPY,0.72
1370,The Disaster Artist,cMKX2tE5Luk,0.69
1371,The Shape of Water,XFYWazblaUA,0.78
1372,Wonder Wheel,VFM0UqX9MJ8,0.75
1373,"I, Tonya",OXZQ5DfSAAc,0.84
1374,Just Getting Started,lqDTpKAtxrs,0.4444444444444444
1375,Star Wars: The Last Jedi,Q0CbN8sfihY,0.56
1377,Beyond Skyline,wCqP4d0tXb0,0.475
1378,Jumanji: Welcome to the Jungle,2QKg5SZ_35I,0.55
1380,Pitch Perfect 3,Hihto8onbUU,0.61
1381,Downsizing,UCrBICYM0yM,0.45
1382,Father Figures,59uWyPklsy0,0.44
1383,The Post,nrXlY6gzTTM,0.77
1384,Hostiles,1M5cj4UmscE,0.8
1385,All the Money in the World,KXHrCBkIxQQ,0.59
1386,Molly's Game,9v-pw0ZQRLY,0.5833333333333334
1387,Phantom Thread,xNsiQMeSvMk,0.73
1388,Insidious: The Last Key,acQyrwQyCOk,0.6
1389,The Commuter,aDshY43Ol2U,0.74
1390,Proud Mary,kQ1Zcv54USA,0.67
1391,Freak Show,g3T1K-hI-9c,0.6956521739130435
1392,12 Strong,-Denciie5oA,0.66
1393,Den of Thieves,HusPt_1-qto,0.65
1394,Forever My Girl,5iEOQn8UUHI,0.79
1395,Maze Runner: The Death Cure,4-BTxXm8KSg,0.53
1396,Winchester,0Juc2cL26mg,0.54
1397,Peter Rabbit,7Pa_Weidt08,0.51
1399,The 15:17 to Paris,IC_lnyn2R2Q,0.86
1400,Black Panther,xjDjIWPwcPU,0.76
1401,Game Night,qmxMAdV6s4U,0.86
1402,Annihilation,89OP78l9oF0,0.46
1403,Every Day,dRvKm__GrqU,0.67
1404,Red Sparrow,zpmAR4oRUXg,0.3461538461538461
1405,Death Wish,HzILu6yyA20,0.7
1406,A Wrinkle in Time,UhZ56rcWwRQ,0.43
1407,Thoroughbreds,TPcV_3D3V2A,0.67
1408,The Strangers: Prey at Night,91-Z20uttEk,0.69
1409,The Hurricane Heist,56whWF2NJrM,0.74
1410,Tomb Raider,8ndhidEmUbI,0.59
1411,"Love, Simon",E0cbWdlQg_8,0.73
1412,I Can Only Imagine,fm_zzAMuvyQ,0.6730769230769231
1413,Flower,qmYcbgJBv7s,0.524390243902439
1414,Pacific Rim Uprising,8BAhwgjMvnM,0.4
1415,Sherlock Gnomes,gwcdJXhngBw,0.6
1416,Unsane,u7KZrt_cHH0,0.61
1417,"Paul, Apostle of Christ",LyOqQZUDdO4,0.88
1418,Midnight Sun,fEskVQgtwaI,0.65
1419,Ready Player One,cSp1dM2Vj48,0.5
1420,Acrimony,wlpunOUxYSo,0.59
1421,A Quiet Place,WR7cc5t7tv8,0.38
1422,Blockers,RfFcaV5O7SU,0.59
1423,Chappaquiddick,f9pxPNsLN_s,0.6666666666666666
1424,Rampage,coOKvrsmQiI,0.51
1425,Truth or Dare,Cgnk3MLw9TM,0.43
1426,The Rider,AlrWRttLTkg,0.86
1427,Sgt. Stubby: An American Hero,L2rekx-k5X0,0.66
1428,I Feel Pretty,cVx9EFK3DWE,0.71
1429,Super Troopers 2,o7DjjaKMt8A,0.5
1430,Traffik,ZJYgf1Zq4go,0.4634146341463415
1431,The House of Tomorrow,JAwnkRhInwc,0.4090909090909091
1432,Avengers: Infinity War,QwievZ1Tx-8,0.56
1433,Disobedience,HEVonh8bjC0,0.8
1434,Backstabbing for Beginners,P3GdyaVQ20I,0.3382352941176471
1435,Overboard,ca_krBNpsJI,0.5357142857142857
1436,Life of the Party,T1B1CxmAXLk,0.78
1437,Breaking In,DsDVOt3M7OM,0.63
1438,Deadpool 2,D86RtevtfrA,0.55
1439,Book Club,LDxgPIsv6sY,0.84
1440,First Reformed,hCF5Y8dQpR4,0.84
1441,Show Dogs,eT9eWtb7C4c,0.4
1442,Solo: A Star Wars Story,jPEYpryMp2s,0.6
1443,Action Point,ri1Cc3Yz09U,0.75
1444,Adrift,If2lCD0SQrE,0.79
1445,Upgrade,36PDeN9NRZ0,0.68
1446,Ocean's 8,MFWF9dU5Zc0,0.53
1447,Won't You Be My Neighbor?,FhwktRDG_aQ,0.79
1448,Hereditary,V6wWKNij_1M,0.59
1449,Hotel Artemis,JqfuKsoEEms,0.79
1450,Superfly,MQIvV800Atk,0.51
1452,Tag,kjC1zmZo30U,0.66
1453,Gotti,UjLs5XkJ8vw,0.57
1454,Jurassic World: Fallen Kingdom,vn9mMeWcgoM,0.43
1455,The Domestics,IrcQhTm2h2I,0.67
1456,Sicario: Day of the Soldado,sIMChzE_aCo,0.65
1457,Uncle Drew,9H2SSvQ8ihA,0.58
1458,Woman Walks Ahead,qHR0AEDMg0M,0.72
1459,The First Purge,UL29y0ah92w,0.3
1460,Ant-Man and the Wasp,8_rTIAOohas,0.57
1461,Sorry to Bother You,PQKiRpiVRQM,0.4310344827586206
1463,Skyscraper,t9QePUT-Yt8,0.67
1464,Eighth Grade,y8lFgF_IjPw,0.61
1465,"Don't Worry, He Won't Get Far on Foot",2BwxeOzSx8A,0.67
1466,Shock and Awe,CVdHJuVydb4,0.49
1467,Mamma Mia! Here We Go Again!,XcSMdhfKga4,0.74
1468,The Equalizer 2,HyNJ3UrGk_I,0.74
1469,Unfriended: Dark Web,XenTM_C9fxM,0.35
1470,Mission: Impossible – Fallout,XiHiW4N7-bo,0.68
1473,The Darkest Minds,tN8o_E_f9FQ,0.52
1474,The Spy Who Dumped Me,CXkUaaVrB_s,0.66
1475,The Miseducation of Cameron Post,YZ0ZBXt6rZU,0.5555555555555556
1476,Dog Days,fAfqqHwgI1U,0.69
1477,The Meg,udm5jUA-2bs,0.35
1478,BlacKkKlansman,pFc6I0rgmgY,0.71
1479,Slender Man,ySy8mcceTno,0.34
1480,Crazy Rich Asians,ZQ-YX-5bAs0,0.63
1481,Alpha,uIxnTi4GmCo,0.85
1482,Mile 22,eJU6S5KOsNI,0.63
1483,Billionaire Boys Club,r59Xcy8eWBI,0.4545454545454545
1484,Down a Dark Hall,TwHoY2dVZLE,0.67
1485,The Happytime Murders,XF9Lyb5UJHo,0.44
1486,Searching,3Ro9ebQxEOY,0.72
1487,A.X.L.,--8nr2kt4uk,0.68
1488,Operation Finale,07Y4_6PD0Z4,0.73
1489,Kin,Ac5wrM2uYbk,0.73
1490,Destination Wedding,EbmOoPEOWLk,0.8
1491,The Nun,pzD9zGcUNrw,0.5
1492,Peppermint,sdL70wkf_H0,0.77
1493,The Predator,WaG1KZqrLvM,0.45
1494,White Boy Rick,qns48PtK2io,0.68
1495,A Simple Favor,rAqMlh0b2HU,0.77
1496,Unbroken: Path to Redemption,03R3dDa6x_Y,0.4444444444444444
1497,The House with a Clock in Its Walls,oQGA42-U0Ro,0.76
1498,Life Itself,b5kwtJkUdpA,0.78
1499,The Sisters Brothers,3OwvqKwTKmE,0.7
1500,Assassination Nation,SS8Bz3yXxcc,0.5869565217391305
1501,Little Italy,BcL6egAzRNM,0.4186046511627907
1502,Fahrenheit 11/9,WRQv9xMQ3E0,0.41
1504,Night School,t9QtXGirWf0,0.64
1505,The Old Man & the Gun,d7rlUe-Thvk,0.9
1506,Hell Fest,olBLvQ26_eM,0.49
1507,Venom,u9Mv98Gr5pY,0.59
1508,A Star Is Born,nSbzyEJ8X9E,0.79
1509,First Man,PSoRx87OO6k,0.73
1510,Bad Times at the El Royale,y7wzBVARwaU,0.86
1511,Goosebumps 2: Haunted Halloween,nQeOzfm-lps,0.46
1512,Beautiful Boy,y23HyopQxEg,0.74
1513,Gosnell: The Trial of America's Biggest Serial Killer,ttwkr8MM9Rk,0.66
1514,Halloween,ek1ePFp-nBI,0.63
1515,The Hate U Give,3MM8OkVT0hw,0.56
1516,Can You Ever Forgive Me?,UvJIaNsf_bY,0.92
1517,Mid90s,w9Rx6-GaSIE,0.6
1518,Hunter Killer,mnP_z3qXDCQ,0.79
1519,Johnny English Strikes Again,-Qv6p6pTz5I,0.74
1520,Suspiria,BY6QKRl56Ok,0.72
1521,Indivisible,hBQYgNVY7Xk,0.5
1522,Bohemian Rhapsody,mP0VHJYFOAU,0.6
1523,The Nutcracker and the Four Realms,BXfxLIuNJvw,0.55
1524,Nobody's Fool,MsFbMw9LO5M,0.61
1525,Boy Erased,-B71eyB_Onw,0.61
1526,A Private War,u4mHCilwdk0,0.56
1527,Bodied,oUry7CpMpCE,0.58
1528,The Front Runner,BAOYDcnVx6E,0.7
1530,The Girl in the Spider's Web,XKMSP9OKspQ,0.64
1531,Overlord,USPd0vX2sdc,0.56
1532,Fantastic Beasts: The Crimes of Grindelwald,vvFybpmyB9E,0.58
1533,Widows,nN2yBBSRC78,0.79
1534,Green Book,QkZxoko_HC0,0.82
1535,Instant Family,IUfZq3DUd3Y,0.82
1536,Ralph Breaks the Internet,T73h5bmD8Dc,0.54
1537,Creed II,u22BXhMu4tI,0.65
1538,Robin Hood,zwPn9ZnbCo0,0.56
1539,Roma,sKVYRtE-kXI,0.67
1540,The Favourite,SYb-wkehT1g,0.82
1541,The Possession of Hannah Grace,RHAgri92JP8,0.5
1542,Mary Queen of Scots,wnqjSgMU36U,0.54
1543,Ben Is Back,oXM1MSmWJLA,0.4693877551020408
1545,Mortal Engines,IRsFc2gguEg,0.48
1546,The Mule,N_QksSzK7sI,0.8
1547,If Beale Street Could Talk,CQXSforT_qQ,0.85
1548,Mary Poppins Returns,-3jsfXDZLIY,0.75
1549,Aquaman,WDkg3h8PCVU,0.55
1550,Bumblebee,lcwmDAYt22k,0.65
1551,Welcome to Marwen,W6dy7xQ8NeE,0.76
1552,Second Act,YsVo5necW6Q,0.84
1553,Holmes & Watson,brjkpRBpFnc,0.45
1554,Vice,g09a9laLh0k,0.67
1555,On the Basis of Sex,28dHbIR_NB4,0.76
1556,Destroyer,9g-j4wuEOPo,0.83
1557,Escape Room,6dSKUoV0SNI,0.54
1558,A Dog's Way Home,1pKdCHvH310,0.73
1559,The Upside,EWw7rCHcduQ,0.61
1560,Replicas,bKdpGHazAqs,0.55
1561,Glass,95ghQs5AmNk,0.68
1563,Serenity,k3zMlsEK8xA,0.68
1564,Miss Balasubramaniam,IW9i3bJ8bkU,0.7
1566,What Men Want,HeoLiTirRp4,0.48
1567,Cold Pursuit,0phuNQQ_gHI,0.77
1568,The Prodigy,BC4cyYRxjFk,0.49
1569,Isn't It Romantic,8ZwgoVmILQU,0.63
1570,Happy Death Day 2U,MT9MBytHuOI,0.62
1571,Alita: Battle Angel,w7pYhpJaJW8,0.74
1573,Fighting with My Family,WqF3VTv0cqU,0.66
1574,A Madea Family Funeral,id61hcbdMZA,0.52
1575,Captain Marvel,Z1BCujX3pw8,0.44
1576,The Kid,qpMyCaQGlqU,0.8
1577,Wonder Park,VML6rQWssSk,0.56
1579,Captive State,i68xCzI406A,0.53
1580,Five Feet Apart,XtgCqMZofqM,0.54
1581,Triple Threat,DovnHrIwfTY,0.66
1582,Us,1qEQmpprzSM,0.59
1583,Hotel Mumbai,A8IxhVslvro,0.65
1584,Dragged Across Concrete,m2wuyXSJ6ro,0.625
1585,Dumbo,7NiYVoqBt-8,0.55
1586,The Beach Bum,qSALRP1mZNQ,0.66
1587,Unplanned,gBLWpKbC3ww,0.48
1588,Shazam!,go6GEIrcvFY,0.61
1589,Pet Sematary,VllcgXSIJkE,0.61
1590,The Best of Enemies,eKM6fSTs-A0,0.82
1591,Hellboy,dt5g5_1cKVk,0.39
1592,Little,Qz65no3WnJk,0.6
1594,After,g99KPOpqZ4Q,0.3777777777777777
1595,Breakthrough,go1jaIRQc-o,0.77
1596,The Curse of La Llorona,uOV-xMYQ7sk,0.41
1597,Under the Silver Lake,mwgUesU1pz4,0.77
1598,Avengers: Endgame,TcMBFSGVi1c,0.49
1599,Body at Brighton Rock,pXww9NuqUDU,0.358974358974359
1600,Long Shot,ZKsc2I4Tgsk,0.67
1601,The Intruder,aKXvex7b1Ew,0.56
1604,The Hustle,_j5hwooOHVE,0.72
1605,Tolkien,jq2MFEGJ_Sw,0.62
1606,Poms,-9PypHxfY_M,0.79
1607,The Professor and the Madman,g6Pn-6MOXPs,0.94
1608,John Wick: Chapter 3 – Parabellum,M7XM597XO94,0.54
1609,A Dog's Journey,A2FrrSyyKfA,0.69
1610,Brightburn,g6eB0JT1DI4,0.44
1611,Booksmart,S0Mb6BgnhS0,0.69
1612,Godzilla: King of the Monsters,QFxN2oDKk0E,0.6
1613,Rocketman,S3vO8E2e6G0,0.81
1614,Ma,eIvbEC8N3cA,0.53
1615,Dark Phoenix,1-q8C_c-nlM,0.57
1617,Late Night,DxefiCjQirw,0.67
1618,The Last Black Man in San Francisco,C0FnJDhY9-0,0.82
1619,Men in Black: International,BV-WEb2oxLk,0.4
1620,Shaft,lD41XdWcmbY,0.63
1622,Anna,sOYeBlgQdFg,0.77
1623,Child's Play,PeHNLikDiVw,0.47
1624,Annabelle Comes Home,bCxm7cTpBAs,0.52
1625,Spider-Man: Far From Home,Nt9L1jCKGnE,0.34
1626,Escape Plan: The Extractors,YyL75IBXocE,0.58
1627,Midsommar,1Vnghdsjmd0,0.59
1628,Stuber,i5l6a5RiR1E,0.7
1629,Crawl,H6MLJG0RdDE,0.49
1630,The Farewell,RofpAjqwMa8,0.66
1632,Once Upon a Time...in Hollywood,ELeMaP8EPAA,0.71
1633,Hobbs & Shaw,9SA7FaKxZVI,0.5
1634,Dora and the Lost City of Gold,gUTtJjV852c,0.63
1635,The Kitchen,fgit74aVAvM,0.82
1636,The Art of Racing in the Rain,Dp2ufFO4QGg,0.63
1637,Scary Stories to Tell in the Dark,Vlya92LZqZw,0.52
1638,The Peanut Butter Falcon,UNl9RqjLCwc,0.88
1640,Good Boys,zPXqwAGmX04,0.56
1641,Blinded by the Light,f1YFA_J5JBU,0.87
1642,"Where'd You Go, Bernadette",Em1onUCArxs,0.73
1643,47 Meters Down: Uncaged,zF3lM_EPh2U,0.3488372093023256
1644,Ready or Not,ZtYTwUxhAoI,0.53
1645,Angel Has Fallen,XF8h3hOGBJM,0.66
1646,Overcomer,Le05vmahdXQ,0.6142857142857143
1647,Don't Let Go,RB-_oNDH0d8,0.54
1648,It Chapter Two,xhJ5P7Up3jA,0.65
1649,The Goldfinch,IcG06hZooHM,0.79
1650,Hustlers,EpyogCVnI6Q,0.6111111111111112
1651,Monos,55a7hDqPREY,0.4512195121951219
1652,Ad Astra,P6AaSMfXHbA,0.72
1653,Downton Abbey,tu3mP0c51hE,0.7
1654,Rambo: Last Blood,4vWg5yJuWfs,0.65
1656,Judy,HU2GJwkH71M,0.6944444444444444
1657,Joker,zAGVQLHvwOY,0.57
1658,Lucy in the Sky,vQP-L2pJzmk,0.75
1659,Gemini Man,AbyJignbSj0,0.53
1660,The Addams Family,c95edsw17QE,0.4
1661,Jexi,8UqXUwgl15k,0.37
1662,Polaroid,0WxmMARNQRc,0.46
1663,El Camino: A Breaking Bad Movie,1JLUn2DFW4w,0.59
1664,Maleficent: Mistress of Evil,n0OFH4xpPr4,0.56
1665,Zombieland: Double Tap,ZlW9yhUKlkQ,0.55
1666,Jojo Rabbit,tL4McUzXfFI,0.61
1667,The Lighthouse,Hyag7lR8CPA,0.63
1668,Black and Blue,QCfSeVCr7ng,0.79
1669,The Current War,2FTxKFsWz60,0.59
1670,Countdown,S6O4iy3Twwo,0.4
1671,Terminator: Dark Fate,oxy8udgWRmo,0.31
1672,Motherless Brooklyn,Fru8IkuDp_k,0.81
1673,The Irishman,WHXxVmeGQUc,0.7
1674,Harriet,GqoEs4cG6Uw,0.66
1675,Arctic Dogs,wQTDfl2rpqg,0.3766233766233766
1676,Marriage Story,BHi-a1n8t7M,0.67
1677,Doctor Sleep,BOzFZxB-8cw,0.76
1678,Last Christmas,z9CEIcmWmtA,0.7
1679,Playing with Fire,fd5GlZUpfaM,0.66
1680,Midway,BfTYY_pac8o,0.56
1681,Honey Boy,5RR8WTQzwSk,0.77
1682,Ford v Ferrari,zyYgDtY2AMY,0.68
1683,Charlie's Angels,RSUq4VfWfjE,0.5
1684,The Good Liar,ljKzFGpPHhw,0.94
1685,The Report,x79Gf4cJDDE,0.69
1686,Waves,V5z3cr8AB5g,0.71
1688,A Beautiful Day in the Neighborhood,-VLEPhfEN2M,0.75
1689,21 Bridges,qaZoSTG10lw,0.68
1690,Knives Out,qGqiHJTsRkQ,0.61
1691,Queen & Slim,G6Th84oGDno,0.55
1692,Playmobil: The Movie,xgyP9GG9Ecw,0.45
1693,The Aeronauts,Rm4VnwCtQO8,0.62
1694,Jumanji: The Next Level,rBxcF-r9Ibs,0.51
1695,Richard Jewell,gSMxBLlA8qY,0.58
1696,Black Christmas,gF4yRYbo1WE,0.28
1697,Bombshell,0rBnkBIhoFE,0.73
1698,Uncut Gems,vTfJp2Ts9X8,0.57
1699,Seberg,Tck5EBUTeoc,0.67
1700,A Hidden Life,qJXmdY4lVR0,0.79
1701,Star Wars: The Rise of Skywalker,8Qn_spdM5Zg,0.53
1702,Cats,FtSd844cI7U,0.27
1704,Little Women,AST2-4db4ic,0.71
1705,1917,YqNYrYUiMfg,0.63
1706,Just Mercy,GVQbeG5yW78,0.77
1707,The Grudge,O2NKzO-fxwQ,0.36
1708,Underwater,jCFWEzIVILc,0.59
1709,Like a Boss,9ESkyRFEso4,0.59
1710,Bad Boys for Life,jKCj3XuPG8M,0.67
1711,Dolittle,FEf412bSPLs,0.63
1712,The Gentlemen,2B0RpUGss2c,0.75
1713,The Turning,rl33gU2APIs,0.46
1714,The Last Full Measure,Go8zI2sytEc,0.83
1715,The Rhythm Section,0Uq_5bYGYoY,0.81
1716,Gretel & Hansel,QZblQLhKcZQ,0.51
1717,The Assistant,igzHiImUejc,0.1666666666666666
1718,Birds of Prey (and the Fantabulous Emancipation of One Harley Quinn),kGM4uYZzfu0,0.56
1719,Fantasy Island,a6O30nJ02PU,0.55
1720,The Photograph,BZulYPti89M,0.6511627906976745
1721,The Call of the Wild,5P8R2zAhEwg,0.53
1722,Emma.,qsOwj0PR5Sk,0.79
1723,Brahms: The Boy II,A6caADGf8mw,0.41
1724,Impractical Jokers: The Movie,IQQ8_VVR4TA,0.48
1725,The Invisible Man,dSBsNeYqh-k,0.46
1726,Wendy,KKktQFFcXL0,0.71
1728,The Way Back,VzNJVSsjE-I,0.71
1729,First Cow,SRUWVT87mt8,0.65
1730,Bloodshot,vOUVVDWdXbo,0.49
1731,The Hunt,xoWmwsPU5cQ,0.69
1732,I Still Believe,7Za7-Q8YURM,0.83
1733,Never Rarely Sometimes Always,hjw_QTKr2rc,0.73
1735,The Wretched,dGQidrBQ-gs,0.3295454545454545
1736,Capone,2J5OE16C_zY,0.52
1738,The High Note,Z-CgtYiQfSA,0.76
1739,The King of Staten Island,azkVr0VUSTA,0.72
1740,My Spy,pfAhQSz-j_o,0.69
1741,Money Plane,aETz_dRDEys,0.65
1742,Palm Springs,CpBLtXduh_k,0.8
1743,Animal Crackers,6yrtrDjmw5c,0.85
1744,The Rental,MGdcTUMGxB0,0.67
1745,The Secret: Dare to Dream,Mf3-oCDdTzQ,0.6052631578947368
1746,An American Pickle,tHsqU8yK3Nc,0.5571428571428572
1747,The Tax Collector,eqFnDz_Uu1c,0.58
1749,Unhinged,vdxDXoODKN8,0.51
1750,Cut Throat City,l1dM85mn_QE,0.71
1751,Words on Bathroom Walls,4E1-RnpOe8Q,0.7
1752,Bill & Ted Face the Music,1gPGeAYo3yU,0.65
1753,The New Mutants,W_vJhUAOFpI,0.4
1754,The Personal History of David Copperfield,xXh53I-Sdsk,0.65
1755,Centigrade,0RvV7TNUlkQ,0.28
1756,Tenet,L3pk_TBkihU,0.65
1757,Mulan,KK8FHdFluOQ,0.55
1758,The Broken Hearts Gallery,7aokhRzwlJI,0.71
1759,The Secrets We Keep,kGKX5rzRMho,0.4705882352941176
1760,The Trial of the Chicago 7,FVb6EdKDBfU,0.81
1761,The Glorias,ekvAOSEwBNk,0.4615384615384615
1762,The War with Grandpa,X0K5cA2hS6g,0.59
1764,Love and Monsters,-19tBHrZwOM,0.67
1765,Honest Thief,ZUIEOMOxIDo,0.72
1766,2 Hearts,hcZKctOWsgI,0.62
1767,After We Collided,wu6wjmEa_1U,0.46
1768,The Empty Man,tk6u9X1bW30,0.53
1769,The Craft: Legacy,J60ueFp-jv8,0.31
1770,Come Play,LQwiqhdMQ7g,0.62
1771,Let Him Go,bE8pwEF-3TI,0.75
1772,The Informer,jUakWaEpCmY,0.77
1773,Hillbilly Elegy,KW_3aaoSOYg,0.71
1774,Mank,aSfX-nrg-lI,0.88
1775,Freaky,EqPnIcDW9g0,0.56
1777,Run,0Dhh7q9Us5c,0.77
1778,Sound of Metal,VFOrGkAvjAE,0.71
1779,Jiu Jitsu,ywhTeWg8970,0.4
1781,All My Life,mWyJvohEFj8,0.73
1782,The Midnight Sky,DXUUqr3AFKs,0.62
1783,Songbird,IgxXSfto6Vo,0.39
1784,Wild Mountain Thyme,kadUgcIxODM,0.39
1785,Monster Hunter,3od-kQMTZ9M,0.3
1786,Greenland,vz-gdEL_ae8,0.55
1787,Skylines,MuuqzLwgMhY,0.53
1788,Wonder Woman 1984,XW2E2Fnh52w,0.53
1789,Soul,xOsLIiBStEs,0.69
1790,News of the World,zTZDb_iKooI,0.81
1791,Promising Young Woman,7i5kiFDunk8,0.64
1792,Locked Down,mepeWor5JPk,0.7
1793,The Marksman,lEBPNi4bEbc,0.73
1794,Our Friend,GTWqGLnOxtA,0.6105263157894737
1795,The Little Things,1HZAnkxdYuA,0.78
1796,Nomadland,6sxCFZ8_d84,0.87
1797,Son of the South,x0IjvDWw0i4,0.3636363636363636
1798,Music,aMcmfonGWY4,0.46
1799,Judas and the Black Messiah,sSjtGqRXQ9Y,0.73
1800,Minari,KQ0gFidlro8,0.69
1801,Willy's Wonderland,0v27rfaoB2Y,0.47
1802,Silk Road,LBOBuqBzn7w,0.4588235294117647
1804,Raya and the Last Dragon,1VIZ89FEjYI,0.6
1805,Chaos Walking,nRf4ZgzHoVw,0.59
1806,Boss Level,PGHD0bqjZWQ,0.69
1807,Long Weekend,820j10lEAec,0.88
1808,Nobody,wZti8QKBWPo,0.54
1809,Godzilla vs. Kong,odM92ap8_c0,0.37
1810,The Unholy,NmQiJPLYzPI,0.56
1811,Shiva Baby,8uT1M9WfqYA,0.5698924731182796
1812,The Girl Who Believes in Miracles,aH6b6P18D34,0.85
1813,Voyagers,EwJkexUBSeg,0.63
1814,Mortal Kombat,QJHY4ggYCk4,0.49
1815,Wrath of Man,EFYEni2gsK0,0.77
1816,Mainstream,Rlpm36Vi-3U,0.63
1817,Army of the Dead,tI1JGPhYBS8,0.56
1818,Spiral: From the Book of Saw,gzy6ORqE9IY,0.64
1819,A Quiet Place Part II,BpdDN9d9Jio,0.62
1820,Cruella,gmRKv7n2If8,0.59
1822,The Conjuring: The Devil Made Me Do It,h9Q4zZS2v1k,0.53
1823,Peter Rabbit 2: The Runaway,euGHcnyUo84,0.57
1824,In the Heights,U0CL-ZSuCrQ,0.69
1826,The Misfits,lxhMLjt83KQ,0.65
1827,The House Next Door: Meet the Blacks 2,NbQqQhUPESU,0.4545454545454545
1828,Queen Bees,KEGnA3VVvOU,0.82
1829,Hitman's Wife's Bodyguard,3Z2FxVT6LIE,0.69
1830,F9,aSiDu3Ywi8E,0.42
1831,Werewolves Within,Kpj1VOJWf98,0.71
1832,Zola,24KbaKlCDDI,0.61
1833,The Tomorrow War,QPistcpGB8o,0.66
1835,The Forever Purge,xOrXpK-rUaI,0.32
1836,Black Widow,ybji16u608U,0.53
1837,Gunpowder Milkshake,H7ZrjXuNgmA,0.76
1838,Space Jam: A New Legacy,olXYZOsXw_o,0.56
1839,Escape Room: Tournament of Champions,KlfUbZJVInA,0.54
1840,Die in a Gunfight,1kw7Nv1mIF8,0.63
1841,Snake Eyes: G.I. Joe Origins,Vd2sm63Xwfw,0.62
1842,Old,A4U2pMRV9_k,0.56
1843,Jungle Cruise,f_HvoipFcA8,0.7
1844,Stillwater,9cq1lPPeMUY,0.71
1845,The Green Knight,sS6ksY8xWCY,0.7
1846,Nine Days,A73FnWETvr8,0.9
1847,The Suicide Squad,JuDLepNa7hw,0.59
1848,Free Guy,JORN2hkXLyM,0.56
1849,Respect,qTtxoz3OIlU,0.88
1850,Don't Breathe 2,gRbG2tjHYCA,0.67
1851,CODA,0pmfrE1YL4I,0.7037037037037037
1852,Reminiscence,_BggT--yxf0,0.66
1853,Demonic,EYXLKC5xd7Q,0.53
1854,Candyman,ikDJlfuU758,0.54
1855,Shang-Chi and the Legend of the Ten Rings,giWIr7U1deA,0.64
1856,Malignant,Gczt0fhawDs,0.7
1857,Queenpins,UFt679TNhpg,0.4166666666666667
1858,Cry Macho,JVc8SI5CAKw,0.86
1859,Copshop,ezHiQwwzEjU,0.82
1860,Dear Evan Hansen,g_c_Jd-hP-s,0.6
1861,Venom: Let There Be Carnage,-FmWuCgJmxo,0.68
1862,The Many Saints of Newark,dHa95iy2lF0,0.46
1863,The Addams Family 2,Kd82bSBDE84,0.48
1864,No Time to Die,BIhNsAtPbPI,0.64
1865,Mass,oU56Ns1nXsE,0.7
1866,Halloween Kills,hL6R3HmQfPc,0.43
1867,The Last Duel,mgygUwPJvYk,0.73
1868,Dune,8g18jFHCLXk,0.66
1869,The French Dispatch,TcPk2p0Zaw4,0.78
1870,The Harder They Fall,Poc55U2RPMw,0.67
1871,A Mouthful of Air,XSiHVciLRrw,0.25
1872,Heart of Champions,sM-sndlCkuQ,0.6521739130434783
1873,Eternals,x_me3xsvDgk,0.4
1874,Spencer,ORvPh_gdD_M,0.85
1875,The Beta Test,R7cUSsLjdM0,0.5471698113207547
1876,Clifford the Big Red Dog,4zH5iYM4wJo,0.54
1877,The Power of the Dog,LRDPo0CHrko,0.76
1878,Ghostbusters: Afterlife,ahZFCF--uRY,0.55
1879,King Richard,BKP_0z52ZAw,0.72
1880,C'mon C'mon,FM4eeSzyN4g,0.4375
1881,Encanto,CaimKeDcudo,0.79
1882,House of Gucci,pGi3Bgn7U5U,0.74
1883,Resident Evil: Welcome to Raccoon City,4q6UGCyHZCI,0.37
1884,Licorice Pizza,o_hRNmlk80g,0.61
1885,West Side Story,A5GJLwWiYSg,0.91
1886,Don't Look Up,RbIxYm3mKzI,0.72
1887,National Champions,I3imoS5OcCw,0.45
1888,Red Rocket,57IlM5xaHvA,0.6
1889,Spider-Man: No Way Home,JfVOs4VSpmA,0.47
1890,Nightmare Alley,Q81Yf46Oj3s,0.93
1891,The Lost Daughter,xNq9YOfL0Zs,0.86
1893,The Matrix Resurrections,9ix7TUGVYIo,0.48
1894,The King's Man,5zdBG-iGfes,0.69
1895,A Journal for Jordan,FOzrXqf5pvE,0.53
1896,American Underdog,_6rn-6lKBJ8,0.9
1897,The 355,SV0s2S9reT0,0.4
1898,American Siege,AdI6ea_0T0s,0.25
1899,Scream,beToTslH17s,0.77
1901,Redeeming Love,_8RIlIOd_us,0.95
1902,The King's Daughter,NjGSWdmVVHM,0.48
1903,The Tiger Rising,LX6QGUH-Wi8,0.4239130434782608
1904,Jackass Forever,FNq-QT2Jpng,0.67
1905,Moonfall,ivIwdQBlS10,0.68
1906,Death on the Nile,dZRqB0JLizw,0.85
1907,Marry Me,Ebv9_rNb5Ig,0.84
1908,Blacklight,PE04ESdgnHI,0.81
1909,Uncharted,eHp3MbsCbMg,0.6
1910,Dog,V4tAtp-TyzQ,0.81
1911,Cyrano,5e8apSFDXsQ,0.85
1912,The Batman,mqqft2x_Aa4,0.66
1913,After Yang,Kwp32zLc08c,0.83
1914,A Day to Die,fBvILPcuFy4,0.35
1915,Turning Red,XdKzUbAiswE,0.79
1916,The Outfit,3UgJL23HxyU,0.82
1917,X,a3BGwLxfd74,0.3
1918,Alice,_YlQa7j0BTU,0.89
1919,The Lost City,nfKO9rYDmE8,0.85
1920,Everything Everywhere All at Once,wxN1T1uxQ2g,0.89
1921,Morbius,oZ6iiRrz1SY,0.71
1923,Ambulance,7NU-STboFeI,0.78
1924,Father Stu,DHREzAdyCPs,0.9
1925,Fantastic Beasts: The Secrets of Dumbledore,Y9dr2zw-TXQ,0.64
1926,Dual,CpZkNQ0E4YI,0.64
1928,The Northman,oMSdFM12hOw,0.88
1929,The Unbearable Weight of Massive Talent,CKTRbKch2K4,0.84
1930,Doctor Strange in the,aWzlQ2N6qqg,0.55
1931,Operation Mincemeat,zwkSyrN0mvY,0.79
1932,Firestarter,59MJfJPP5eo,0.79
1933,Downton Abbey: A New Era,wN0Spmq610Q,0.74
1935,Top Gun: Maverick,giXco2jaZ_4,0.8
1936,The Bob's Burgers Movie,hbGXqUumtqg,0.82
1937,Watcher,kpebJezzK30,0.75
1938,Jurassic World Dominion,fb5ELWi-ekk,0.76
1940,Elvis,wBDLRvjHVOY,0.82
1941,The Black Phone,3eGP6im8AZA,0.61
1943,Thor: Love and Thunder,Go8nTmfrQd8,0.64
1944,The Gray Man,BmllggGO4pM,0.77
1945,Where the Crawdads Sing,PY3808Iq0Tg,0.84
1946,Paws of Fury: The Legend of Hank,A_hkjvjx2ek,0.63
1947,Nope,In8fuzj3gck,0.81
1948,DC League of Super-Pets,1jkw2JPCl18,0.76
1949,Bullet Train,0IOsk2Vlc4o,0.89
1950,Easter Sunday,YIixb42aJPg,0.84
1951,Mack & Rita,c8LD5hvE8vo,0.5365853658536586
1952,Fall,iSspRSGc4Dk,0.6
1953,Emily the Criminal,Xzf1YCEkLDI,0.89
1954,Beast,oQMc7Sq36mI,0.79
1955,Three Thousand Years of Longing,TWGvntl9itE,0.87
1956,The Invitation,5bL1ftuxgOE,0.7
1957,Barbarian,Dr89pmKrqkI,0.83
1958,Clerks III,uD3n3GM3Z_0,0.8
1959,The Woman King,3RDaPV_rJ1Y,0.68
1960,Pearl,L5PW5r3pEOg,0.79
1961,"Confess, Fletch",pb2Pu5EjC1s,0.72
1962,Running the Bases,g0nlx_Fjdlk,0.7037037037037037
1963,Don't Worry Darling,SZ2elR3OmWI,0.64
1964,Smile,BcDK7lkzzsU,0.78
1965,Bros,BQIeBB9XMe8,0.34
1966,Terrifier 2,d4m9WCxb-J8,0.64
1967,"Lyle, Lyle, Crocodile",s0W6O7mSlaU,0.84
1968,Amsterdam,GLs2xxM0e78,0.89
1969,Tár,Na6gA1RehsU,0.92
1970,Halloween Ends,i_mAWKyfj6c,0.7
1971,Till,rkQi6GBwmSA,0.71
1972,Black Adam,X0tOpBuYasI,0.79
1973,Ticket to Paradise,hkP4tVTdsz8,0.79
1974,The Banshees of Inisherin,uRu3zLOJN2c,0.87
1975,Armageddon Time,ZKLu3t-G9Do,0.74
1976,The Estate,tEu2xJ4c54A,0.7
1977,Guillermo del Toro's Pinocchio,Od2NW1sfRdA,0.9
1978,Black Panther: Wakanda Forever,_Z3QKkl1WyM,0.82
1979,The Fabelmans,D1G2iLSzOe8,0.93
1980,She Said,i5pxUQecM3Y,0.57
1981,The Menu,C_uTkUGcHv4,0.82
1982,Bones and All,0Nu7Z9AxGNg,0.67
1983,The Inspection,wSeprzQM6gk,0.73
1984,Strange World,bKh2G73gCCs,0.42
1985,Glass Onion: A Knives Out Mystery,gj5ibYSz8C0,0.9
1986,Devotion,NCDEGP6VjYY,0.85
1987,White Noise,SgwKZAMx_gM,0.43
1988,Violent Night,a53e4HHnx_s,0.86
1989,The Whale,nWiQodhMvz4,0.85
1990,Avatar: The Way of Water,a8Gx8wiNbs8,0.81
1992,Babylon,5muQK7CuFtY,0.68
1993,Whitney Houston: I Wanna Dance with Somebody,9tfemzaMkoU,0.79
1994,A Man Called Otto,eFYUX9l-m5I,0.88
